address,private_key,name,entry_type
0x0Ca09db7D955750F1E75e75b5a777CF45aa1017f,0xc1db26d219d3a97c3f89dbf411bdd86da60891dfd2bee5cf831c59743fa97638,WhitelistUser001,0
0x71CFFEc6d7C97fCD0ACA68217FAa0Fc684eb1fB1,0x9d08de4695ed3edb2926481c745da035fcc00e989f34f97be8350c4196db7af6,WhitelistUser002,0
0xd82973F4a9766D8b459b8Fbc8a94adb037b67829,0xa5d68abf776f4d78b83b2d0757ae9dc28221220cf585c2b01eafd6e25876bd1a,WhitelistUser003,0
0xf3737403C2D458eec7A001CaF98825E17d1D1D71,0x341229f1524f6f25ed3fabddb0564394bc0061a391029cda0bd0a739fef8524a,WhitelistUser004,0
0x974c976aF5596a59ee5dbF158FbCB61345Fbb317,0x4cab13cca09034302e06ab072a1b4f799c20117a4af20809e2ce76ab11f23c36,WhitelistUser005,0
0x0E79341D685624343485568Fb619a165a414DA7c,0xa95f899c1513d7373013ab019a601856ad958ba0e9d1af853d38b158c45834cd,WhitelistUser006,0
0x869b79290d0755d2B7Ae5D52E133d1ebb2d501f0,0xffbd02a573323a25b8c0f924fc4381a43f9327d37aadfd9942c66d7b94356847,WhitelistUser007,0
0xe0d22A9DFe756D0C8bA7Bd3FB13b084D84C4A421,0x1f47c593d3844612240f4999e284d546009b30bd596e0dd0699a893bf29dd99d,WhitelistUser008,0
0xb11023627F760046CE3758E1F93FA4a22797e2ef,0x87011657a4ce8e9680daac1f7238c1073176ca3f9d6770f7723378dca0a0dfa3,WhitelistUser009,0
0x2EE465e657beA2AA13934DaD972f3c55d5a107E1,0xfd86c8e318466ed5cf213b9e5a6fd28538151c720c0314837a182450afae3aa1,WhitelistUser010,0
0x5c550BC2A81c632ec3142Fd31EB265373DdD6564,0x2d4db81cb658a14cbaea4fe70940e2cb54dcd5c212b7eb0c4ac8db2eb9545050,WhitelistUser011,0
0x1EA2F7881bfd65DC99a90d17EAe440B6A9d7ae32,0xdead76d23ef25b75d11812b3f963a10e62ce15f51c7eb525bdd6f735e6d87639,WhitelistUser012,0
0xE63e50cd53ee86Dad3A8914C9739A63A1c3FEd36,0xecb405582516830ccbfea3527ff2982bb0b4cbd7f5e99d7e32c06ecd3e5fb03d,WhitelistUser013,0
0x4eb281236237bed6771551944E40b0FDaB5b0034,0x7a278c385c754d7ffb688fd8cd416c6dfaf52fbe983501c5fecbab7c7e475ff4,WhitelistUser014,0
0x155a6a414E93B92B0bCB641cd12Df34bC36cc367,0x5140862c590bd6c6e2fa4ca33edf6b64941257740d92687268d121113ac31ada,WhitelistUser015,0
0xb43eDEC14a4213815a63Cf7BCce9d500F5E2D170,0xda0e00afccb83ff785eebda369de215fcd574685b35c4023ddd96035ad391c70,WhitelistUser016,0
0x8F57b08799c58c3EceC159AC5D206dC512B767eA,0x2bfa4e1f3e4df39ed59d45d154afd13d674d4e164bc95ca218c22fa67546468b,WhitelistUser017,0
0x9A7c5Ca69560E6AA47c51d1c4fa89605431E3eCa,0x07f7c613c214f41b49c99a8f0ac685d38536297c5ea1b3df0a4d4762a429eecd,WhitelistUser018,0
0xfc366bD8CeC059D5a3604A0034683098b4879A4e,0x5c593a6d4379dfc40f5cc93accd010e9922ae3b2fd984cfaa1f55fcad53320ec,WhitelistUser019,0
0xDC038336BF32768312B2BF6f42e5f1fC1A2Bc1Ed,0x3f09d5a3f0cfe30979dc42d8283d3cebbe001953fb5f80bb0c2dbef0af2f8cd9,WhitelistUser020,0
0xe5935bA840A4b70a2961F67C462A92eA6D36fEE4,0x5317254104fc5f2ce06079142d91364b8a6e13842652c41cd2c00bf4c236fe1a,WhitelistUser021,0
0x204A217c9E47093460D9e3d8414B99327C825429,0x778a540662f36660741e6ecd8db2765ca52bcb6b216fd842604ac98d2458a279,WhitelistUser022,0
0x3aDb960A9423e72C8a617eCb81f48C6Aa7DcBb39,0x8546011ac5c6bf7f920aef6ca6ccac51533ec56655b0caf053b6a880eda354c3,WhitelistUser023,0
0x3E5cD0135dd04a3Fcc97cBfCba4c6D70E1340A06,0xc8e703551ad98ad2557c62026ba83d8142ad980e5f25698ba47a621053563f10,WhitelistUser024,0
0xcC78e2bc9082D24c22170183acf7556f4602692E,0x870c563e55f222a8e04244454e3e3dddaa83be0f73fab5ccfe89d3409f922206,WhitelistUser025,0
0xf74FC744Ae45b98c89CFA382cC90D8A1938535af,0xd91b10c45e32d05b999e30069ccd3359abf3b2a2ebe76f985b321b5acdb79087,WhitelistUser026,0
0x00214697799D981B47Cd7d9A826DC3406b74C3c2,0xc0cb56180e7a64b3cfcadbae6d4d91039d83ebd38c1a34400b92fad37b3e7da0,WhitelistUser027,0
0x7cC590f8766747864B9cE2Db131BBbEDBE749A0A,0xde0a88e17067a0506f73de938248834d18c99abe41e8203745a6e82675a0f3fc,WhitelistUser028,0
0x13823105CBfE94046dd3C9B50F4462d2A7c25B3F,0x17b6048f3ef04d8305897e7dfed579bd77083dc0349baaf313317a2e059918e9,WhitelistUser029,0
0xE2E12956F3DF9d5c9114352a70Ce2642b83c0C17,0xcccc019fe7f87fe7851991d683c74e7d7b37563a88d31a2d73db13d6ca10b4e4,WhitelistUser030,0
0xbc9414FaB791F39c65cb3d3fF7550e25B6795689,0x26bc66c997bd11efd58dd9ade7e0bf74d405f8458e2245d4dc54d3141326753a,WhitelistUser031,0
0xCFABEed76774D375116eA86901c917e3097E56a3,0x8301c26223f08c3eb0b00324d70404905f41a8ed1ebec68bc4a0fc71217522d5,WhitelistUser032,0
0xbA541F440059dAFa8A7Bcd43BEaD88FF5cab0CD2,0xb75b99a7f5ae09d7b502306faf69967ea3a432ed058e53b1a8b4f1cf5a9961ac,WhitelistUser033,0
0x687D2948429581e35b2D7b2f2DB4d85474ab96b6,0x236483b4bf19b206a28b3959bc2f7c38de7d64ee986712cb021a74c03683d8a0,WhitelistUser034,0
0xBd3085332E7c1CA58Bf22Fb52502Cf8851dD1EAa,0xe51f9a7a9e95c56cc49ed668e5a0fd8089ff30ab5571a1981f4b38bfba99e7d3,WhitelistUser035,0
0xA5824dA77a4226fA5e8a9119F2917EB5fE05e54b,0xace335cf8ca61be1bc365a952bcd23d57671073b90cb96708a44a5417982970c,WhitelistUser036,0
0x6d7215673f4582Fe1584543dfe971EF6504c0534,0x0b3bed966cb78233d95565cde86a73dd999ca655eff77293faaa2cd84b8f1100,WhitelistUser037,0
0x75a51435F51F867a8f3827a78F008a2Ee8148dB0,0x552b92da95e84dadf16e4e6b441b2d08b9668551206bdd77b156e2b983cd20b5,WhitelistUser038,0
0xB6cE0FB6fD875920CB8f0C7C0307feEEf576CcF9,0x2bbe71952c4be1da74d0e1a70caf77da4463a854965e0d9c03bf6760479db393,WhitelistUser039,0
0x5A8c38FeeA7Bb73e7B0D27EfF2EC58d068363445,0x2451f4e9867919548dc6aa6d6afbefc9b0b27aecf3bc31f80a113e4f1953fc78,WhitelistUser040,0
0x2cA63B04e44E97Bd3634b456Cad381A868956e85,0xb24e790178727b616af6ed9911b55dd68e4f3c422a57acf8e810f0fd2ffd5f55,WhitelistUser041,0
0xc8486ACe51e71a99c7d83BB32D3D4489b16F2942,0x239d570deefacdc29b755ddeb5ea6de75fafae4f4609ab481f2ca2eb39e51c45,WhitelistUser042,0
0x43DAea311D02ACeE605C7E59979faa0c6C527501,0x9e703bd001d45616590caf1fba681cab0a5ebbfa796f67e50b9425493c6ff000,WhitelistUser043,0
0xD4a5da27102FCfAc5E3dAd772D185B1bcEBFDD45,0x49881a39abebf84246162d2589c11e4e2e1fbfe085fe2da9d0facf4b43983bcc,WhitelistUser044,0
0xDb10fDCf76c9dAE50e35A3BB9346E0B87366703f,0x31b9fd0067f76ced90eda2d52b2290242b696917af9850d0fb3d2a01813a742e,WhitelistUser045,0
0xBC22296D66A868A64Ca9e4e870122F509B0394cC,0xfdce445f5cfafd4370a4ccd4664b0d12b4c4b9ea9a3befdf28ffb6774a2de3b0,WhitelistUser046,0
0xdD8606E95D25a37CF4400Cbf0aeBDc7359FB988a,0x61bbdeb0c67b817dca08bee829729ad3299e5c9e312d7b5d6368d0107a66e0fe,WhitelistUser047,0
0x8d50d883bFDD478BdCF37Bb2da067DF5aF5fda62,0x0ebba084099284ac0671bbeb865c0bff2dca89f04c5c719dbb7ed22311b6a405,WhitelistUser048,0
0x8B10E16859eD81e8f463b578D7Faeb0fC7f23184,0x5f498272d6a671398e26f62fe0c57b1e854b3b25493569f81a9e399d8c29ca49,WhitelistUser049,0
0x277e4Ef506E3916fef6Fb3402Ce774c6bADbBd3B,0xc43de1a0f6b2e1f376d6fa6348f5e99a2376042dc05cb16e36817fe5416760f1,WhitelistUser050,0
0x2754F2B703eb821446E5649f1fe8D6E69363a531,0xdd15352ae2cf57dbfd1496a685b6e2535125f870e7820b94047ea06070fa1052,WhitelistUser051,0
0xb727fae0d04150633Eb738b9ee87C4A8cC8F53cb,0x89d9c90d6fb48340cfee1b4fa9923b63124fb667040461769fa60090e85e5e74,WhitelistUser052,0
0xB0686732fC05edB291Fb641d29A11d1a306033C6,0x9b7a94e68088775748522ba887eb1e352cb7ed260ee15d77971833ebebaf4a94,WhitelistUser053,0
0xD85ABc2521C0A2f6dc529bFA5c5Aab8ef34E759b,0xb40bec78002ae7d917a67105d7819f805b42fccc79faf751f17d1cf472cda0f8,WhitelistUser054,0
0x01d74CF620dD45Bd7b3965CB0b9E4DE994922A5f,0x56faef2dbe52cd55832e2c04bf9203727cbfd1e429e2e355ed78122f15307255,WhitelistUser055,0
0xfD6fE0B5E29aA83890966C7d25bAB8cBfA717494,0x68c145d307332803a1a26797a9c1f8e9863859e1d7676ad36101f5ddf31a68c8,WhitelistUser056,0
0x404F48eac01014b25237395E9a1DA9c0dC03A788,0x7a134a423cbb14b07febd38765e0ae618e10abf50307aa5b5d96f2701d8d0715,WhitelistUser057,0
0xbCfd0777Dbb38cDC8205Af2Cfc19875Ec4bc3948,0xfbffe605c072a84f5603230be3e5e560b330eddaa6baefe2820177453f5ca03e,WhitelistUser058,0
0x0Af1c1Cee7217fDa004D7C1e169c29D60BA691c6,0xe919a729a86f537725fde95ce05a55c85f1679bbb733d2c159303b7beb6b2476,WhitelistUser059,0
0x54aFaffa633Ab9af3c0822D0628C6Bba39F6EF36,0x4c006694630da64b182e52fb61daebf93f8cee2049caac3b7ed43142068ca00c,WhitelistUser060,0
0xBF378aE0b6179F969351b4fA96c80A3072a59625,0x3cfdf17bb710c976c7482f5ed842d3d4b695b6482c7e4e705d0e64fcddbb4654,WhitelistUser061,0
0x55956286C90a057f721356e7e3fFf8c66d9318CB,0x85a8cc652ca598026d2909a879bb8324b6a83d154ae533ebdfed7033b606a2be,WhitelistUser062,0
0xAF35ceA8D1Dc7b42eB431085D081299358681f28,0xcb746a8c25bd57c174b67264089312be87bb92889c0e50ccf51f52c5423e5804,WhitelistUser063,0
0x14e23280880636eE3c22995930900b01cF645E7F,0xd93797316413fe385087bdcc1ac95a9be10aa4be1dfc91afd08e67b39e1c4f23,WhitelistUser064,0
0x1E61466B5Fd51623F5E0B252A7e672e60aFeA31c,0xb6e0cad86331528b61b5e2690bb1d51f2854acedf4c86afd620d876db1ab6029,WhitelistUser065,0
0x197849cd50b6a05509b7f7FF92AcbDCAf3cc57ce,0x71f0103bbd501949e71e440a491da6135509af9c26da461636a1503008f31507,WhitelistUser066,0
0x8A3f228687a19ca0321Ff8d202e30A2C980AB245,0x2fdff39fab6a0093d8e703bf5f70502a726f19ebea11f98fbf3481f51f2d7c11,WhitelistUser067,0
0xB23dD8bbEdB13600a05A8768feA597Df7e6A1F6F,0xca549407aada2cace27ce099576f290fdba96cf5f532fa8f5fc49afcb7431663,WhitelistUser068,0
0x7aE616638A4Ac540E43F8a47D96bE0083171d1e5,0x5a5b5d186ef9d5ae5afa709f06528856c30460b3ca1ef05b88660c452cb51827,WhitelistUser069,0
0xfb73495e1406F10d82Bbde1e9FeB86f3179c9d9a,0x6f2bd831946eb25c60fc529a1cf8258e6a4fa0d6622e981de77b6dad7abfefbc,WhitelistUser070,0
0x6d79Ae8BF81741Cb290137DE4d55200137B6c61C,0x6d79f0e0c49235c907c3e427073b5d4b1d014888ef9fae373d674c259bc42c0c,WhitelistUser071,0
0x2c947b494b1798aB5015ffE1F23297d582Bf0A8D,0x8e9d5a0379daca182a1ea8cacab0c1728a33f3e9e3cec2e54bea709fd0302c6a,WhitelistUser072,0
0x83B2fac5C8a681218f933c650F43CA4C89cbcEdF,0x8bb57ee05f80fc86ca742118d6f82b99550411138cd393db6112d71631e76bf0,WhitelistUser073,0
0xB8c15318ab826536Ec5b52Fe42240Ce4C911C37d,0xea9d3b17b774967c8a89e1176b981fee85aea1c735ecf6e0125cc2f21ad8d0c7,WhitelistUser074,0
0xaccC0FE9b9caEafbE31AD6Cc6Fae48B23e581982,0x768040d50d870ccc29d118734d6a2344f22a9cd7e3933bb8c2540c26e9007e4b,WhitelistUser075,0
0x8438A7BA47e13DF8853763dC71ff9D103b01C853,0x2633476c06721a7f4e2bdd9be0b854e3428ad1f2263f4be116b5d3ee1e02029f,WhitelistUser076,0
0x839aeFBfAdA2e556B744eaAa117BF92d0e84E5De,0xba7e2c5170b2c529faeeacb0747ca3adb74b6af2155007e08ef9d8280f538b4d,WhitelistUser077,0
0x4531aaEab866B5Ef4fB3eB68328027d79940caCD,0x2a2ad55e1b302f0a28d027d98fe49d4ae0c423680a79a22c73b18bb0b299a653,WhitelistUser078,0
0x6f99c535f851Fd87f686c6738977d0e66EA22f37,0xbb6eb8c82dad924670c15108be4bafd4b10a7e6086bad3f97cade63fe0031795,WhitelistUser079,0
0x52370408B834A006672E1973f57BFE9D78e1feCe,0xc944efeca40f93a6b644d6cc28b757b677ba514e128d22c76199be5cc35c8344,WhitelistUser080,0
0x262cFd087EdAaFCCd7b30DbEbB3F36f064ab2F49,0x294541b398228a1c629fbe1bd6f4f0fcd0cedfd3893df262069217ba8f7d2c55,WhitelistUser081,0
0x22FC4FC7Ebc48a5DE027CD4A37aE0a2412D7EB56,0x13107653c932d3ef319f91bab275613c8993fc682316c496eee1ca550cea6151,WhitelistUser082,0
0xD694c3D3aaCedC5B850a734a2ec33AAf286e97FC,0x0fa2f8727d1d14e0a8ed5c7e01465359d41ee6323bbedd1b85d9e7ed5663dc2e,WhitelistUser083,0
0x63BA8FEE9c25a302E207A3cD9765D503fF18A235,0x7e0bd3419f3bfd62ea94bbddfb86d57debe625d5e8a8d84c0184dc544b246d3d,WhitelistUser084,0
0x08f837535F445bB24A79e914c7423eBCD2FB65dd,0xebca254b77f78a651f7d4e5de69ff58236ee83e6a239f07ae24c5ba5efdcaa9a,WhitelistUser085,0
0x805FA76d1EeF1b19b6Cbdeb5a8a1F14FB05A295b,0x70b1a83e5914d6874173a5410f8dbfea06e26c73d1388896b3da05cde3827034,WhitelistUser086,0
0x443953fc65bd0DE390E3C87e5E30be8fC7C27a2f,0xf0b79f2a3189e28c2adfb841f2d2e930119c9380b6d4b4106bf80b2b61931f69,WhitelistUser087,0
0x6f9acC1C503165313576556BAceEf5bB25CFB2D2,0x54695ff5ee32182fb343cb915ee93ac5f06ee61a54e10175fed176533f79d0b2,WhitelistUser088,0
0x69122b32a041588Feb52b5dC950a77f996BaAEE6,0x4ad07486afc72db943a84f0b47f04bdfeb26991252e047a798d911fdfd73c8ea,WhitelistUser089,0
0xf415448c5713581ab4F2a0dfC82b1582c0505886,0xa480e29dabca86080e659dc96be03a04c1a6822c3902b842e3784757ddf2acff,WhitelistUser090,0
0xdF90B5B0846028F0CF64356FDe6d0e094FF6144F,0x50db4e8ef6f2ba57ebeded0a45db2f3dfede69654f9615a4842a72d4f2cb62dc,WhitelistUser091,0
0x92F5D98Fe4a96c1AF68B175Cc34Dac605b718FCD,0x47470e552027f422acdbc5c068e163eb866df5ad431022a1ac4b377e43d25a76,WhitelistUser092,0
0x9356CFcc943621e2934474dbbF369385f266Fb1c,0xd70d42172bafa68d44521ebe76e0cb9a62d1fb39353eabf071da6d1326553537,WhitelistUser093,0
0x71a64411626dCFC9272AFe8241239932Fd45bC2c,0x39d0f526991bd71178705374ad92008187512bc3761dac30190ea9806a4ce051,WhitelistUser094,0
0x8294711b1C806FBdDE6d4104D1F195Cc077100B2,0x0e4b3fe2ada7343fd18e185b812a16b3fdfcbb16fe2e5af40ae639cbb430de79,WhitelistUser095,0
0x8895EcFe5197fF6434b0533387832b287D238851,0xc2448f33b52bfc54299323c3c0a6c32f071e73b10b2b02aa727bdaafb6f01aae,WhitelistUser096,0
0x46c99EE9688bb4D1B4b428107F59535F82b6b7f0,0xf1df506c7061338d2ad83be1ce33e7d86f47358c964693889166f299a6930222,WhitelistUser097,0
0xb6dfF6Ad4095E329B67BF9c6779b997961455197,0xfc836b84408a3413da3f59347918a679be04684139928b20a83ece100a42d86f,WhitelistUser098,0
0x48498aa1c9ffFd39A5C39E6936BE4C4334EA5321,0xa26a1fdb8706f622b3728ac1f242d02bda6b7d4d1511c1d858e694e4adc3d09b,WhitelistUser099,0
0xfeA7D7A822bBc2d583c573DC394A30e8f5675B0A,0x460f06f4930cde6b873cdcd5ea0699918e7b0314f62f3581fdfb7c028a1b4295,WhitelistUser100,0
0xA6917D02d3b7A259CA16148A25C46d86ebC7e393,0xe8b786c469e1db9b5292c8074870d8c47b4a16487eda9f028e4944741d355e2c,WhitelistUser101,0
0x5F6F405c07cF4d05d687Ba608EeBEF61A648BA6d,0xfd2ffc25b7ad740e7056919dcf0a6945ca669471f9a52237f86fe14410f5488c,WhitelistUser102,0
0xDD46079237B8B5Edf61FE0B0B6c7373c06651e61,0x8d08a7bba751a23b5b0233f160f505f1e758bcab4a6f91d8a966076a6aa4ead6,WhitelistUser103,0
0x109C23E4960Bf630F96f83781dB6326334E4E852,0x89156b42a496d2f6e03e401365eb435b25f959332b06de9809d86af97cbfe952,WhitelistUser104,0
0x62145112a1796fC255165b2Efc5Efb320a521478,0x15064737d8171570888af7b352ee5d51a7ebe816d4850a163c0cafb3e8392bf7,WhitelistUser105,0
0x3569a1AAC8b71cCb15152d3809Ea345DEdC2bFe2,0x3292703fd1be6da7461db20015ce9303891d4d49ff4d167a5b0a18313f16d26a,WhitelistUser106,0
0xe6428896937e830aa0B6f70E54D8ea706f0e8ca0,0xf30f30612d2d4743bc1b0bcc2f8685f96f21637db09db65077efa050bc8204c9,WhitelistUser107,0
0xfafF63c18997230a7696f05134f6D5490E14d680,0x64e67cf150acb2fe2e28f757992a96e138c93c48b5b15413f5d410758440f6c7,WhitelistUser108,0
0xEdb07e9cC7281E815391abe314131c644069CE33,0x0000da17938fdda355aea18fad29318c71a2a555f96fbfacda1a8e2b320803f5,WhitelistUser109,0
0xc750ad64bb4749720639866535105B5a884887a6,0x8493c69026d60951f3dfca2e5dc1535f9c25cf56612f61b9238a868c09c6adae,WhitelistUser110,0
0xeAE0c17a73264660D9d3580a99908309c30F2CdE,0xd107e4e05dc4fd4864d823a463c1b95a822160ba8bba5df9210a082e5d58a1f8,WhitelistUser111,0
0x49c36c404C0cEC8C0D085bBB79EfC0496B82f80C,0x11eb46775ee6d3fcfd4e5163aca3692d433dab77f237ee7d9c3b855b0895dd16,WhitelistUser112,0
0x4e9C90e175866b07Abb0C560c3776D402A380191,0xdfea23e7727da0533ccde0965773d0046be254d752fdfe37ddb5aba4de421b1b,WhitelistUser113,0
0x47CAc50550f916CBcbeD0A59F03Bb36D31A8A08A,0xd8d3348858c7aac9364bd03161052a1d91b2a03af46454a71b6a161ed088c09e,WhitelistUser114,0
0x5626A74A10Dfb2d999A032217624db1A078980c7,0x82046485e93191f710637432c33e11e0013ac341f456ce1eaacb6feaf4314080,WhitelistUser115,0
0xA0D438920404734b96c404431232523aBdff48ef,0xf9e6577fb7c596d0500b5f8ade5273c59bf932a89cabf3bc8468992437adb617,WhitelistUser116,0
0xaF23aE8A50a31C6d8e5337674ef749991234ff69,0x1de8deacbb7296ee477d87a21937411fe69b7febd5b569a093097f85642f559a,WhitelistUser117,0
0x009E7E483Bd9971f627C4c84f02f34cCEA798072,0x6ff4060c8516ab9dd521a15f761914b7bc2f4783f5a873ac3d0a60fd4d7fb023,WhitelistUser118,0
0x769Dc03ce9f9a5Ee70b4742d3b250f07f7B928BA,0x1c813938b412f77f2ecd7923049a33446f4cacc7d68ddc39b0b924d0c382ac84,WhitelistUser119,0
0x44923430eb2854f5bAfCa30C5094dBFC93Bd22A3,0x61f3fbac1fd9b59ea224e1de2eb7d1876dda394e2e9f37ec8fda2e6b8611a029,WhitelistUser120,0
0xc5F9656483c935332fF0d30BF25060CcFd5d92fE,0x199572a7ac0d83d9fb1d74f851b5aa406f962dabed8b6ec477ec1bf19d106dfb,WhitelistUser121,0
0x344452a641b4B2DD21BAD4F5f0a8932F38351080,0x2502648556da0fd933a4269b31c343c885cf11ec0fee23bf804a7f9b7a87bd2f,WhitelistUser122,0
0xDB19B681Be74CC98c6F57e770Db3E46B1272B724,0xf0e1640732f77b91b5fdf899c60769e1536bf9f8894ee478fb4f15216f47b779,WhitelistUser123,0
0x5315f463346E3e3e5b5C0C1d261548Eb27a75b99,0x79b9a357201bae4dc00cf83cfb2ec78d1aad7ee955ed0c79a30cc8acca82035f,WhitelistUser124,0
0x1908De6A44AcF29940928C74dA5EcE33213E9ECf,0xf2e3076e5b93a2e548cef4f5a15d5613bb5c7294ee1726f62288ecdc6a32a99d,WhitelistUser125,0
0x770741Cc2Ff997FAc634aeB9Ede85E6Ed909Aa90,0x179f86203acaa4ca94446a1463a868cd6f120283bc361b54fb6661c0bbef8416,WhitelistUser126,0
0xDDB3e96f17d639c15028827fcef314E87Cf8D8f2,0xcf53cb24ce0d02ec79493b7dbab92b1cd41219b5090b03b54dc83d502988118d,WhitelistUser127,0
0x610D54cc430267C9b22Ea39F0BE9D646C513a7dA,0x251bcfdca95efaf685028558d7812a736a7779c185d50eb71a4036c337c320ed,WhitelistUser128,0
0x644fB46CB712DA7C9a080bA70972994fE2eDc290,0xed8bdb56856a6a9fafa5efc15141f666ddbf9d2fd64978c2cd151938a327b566,WhitelistUser129,0
0x8223E3d079AD709A17DF87bf42b6a0bE77863751,0xe36f03d860c431ed8a4277155d462698146f37b16b3fc03dd2029291a3a592cb,WhitelistUser130,0
0x55343224DFb2EF855F919C48cF356C5732cE51CA,0x7464b37c1dec193b05ee04ed6d723992e68c6893e3ea837f24ae6b092326c2fa,WhitelistUser131,0
0x28ED7766b61F7eDa1ef4c600f82039B4216C5e9A,0xb9e05299cbde0a7d6b67b632f2dae202442108bbba9e79e3ffa591cf83cc7fd1,WhitelistUser132,0
0x7AE7D4092d0E45d3C318BF7114f9EA164E40D29f,0xca499ca5249f1370f6122354aa3bfb08e79687581cac2e3f85a1c1a22822a0a3,WhitelistUser133,0
0x6Eb5FDC820147F7d50242508d73E97446b5d704a,0x48d4595844b0f5fea816f85ae63a2bd2fcce3a2ade19b4672e21ba3e35d61633,WhitelistUser134,0
0x9bddb939Da5600B9332F37A6b8F1C81A0dAc1121,0xdf5750d214f1d18c079729d5986ded76f21fe0f803aeeac1b1f5df6f0bb8b716,WhitelistUser135,0
0xfb256cd3Ab398eFC3CE40Bdb4B74a6E81d6d6d70,0x6b0f58a7d107d3ef7a7fdb7a7ccef3ab0b30e70dae95f7754cf5d8784dddf3eb,WhitelistUser136,0
0x137fE3A4E085D532bA39354A537a0A31E4F530d5,0x5db1e1a529f130dd70d3da836437a8156986f6b2d4f7371da5f027b2e3a3aba1,WhitelistUser137,0
0xbc7aDb263Edc9Fa60509134d1b633C3E0e7EE310,0x25b0cb4484f6b5ce9961a109bd20f31c49cccd5b2690d5ada5af841ac381ee81,WhitelistUser138,0
0x8b9a450ae53317e405e1CAce44781ff79BaAB9E8,0xc34c8760dc346f43961089b328aba2c5e6b24609141ee5edd4eb239fee2bcc0d,WhitelistUser139,0
0x1fcE408543F6D27612FbeeE30565470b198fa874,0x5c2ddfaac83c7d3f5030829d151413f0eca84142249d418f940a3a3d7ff8e127,WhitelistUser140,0
0x7F5F17c420C5e230c6F94Eb5EcF5714d0D3248cE,0xaded8da6d516010ef6fd4646092f01adbaf812250526b99be38debbe0e480867,WhitelistUser141,0
0x88A769d0527204059E45b697D54E42620f129d3B,0xcac18b31397a35ba505ba9a24be32dfefca229dea46a775d22450c5e4228c491,WhitelistUser142,0
0x4fADDf6D2bE2c33DC147C3a20138233AB2836ED5,0xbb1678192012cb693d2cd963202d25904369396ad01f5501be3f197cbdff3e64,WhitelistUser143,0
0x49AE94cDB6bb67bD60d3Ef923dB9bbFDC04B8597,0x28825c9b7dcb2e60a6116d4a10802dfd470495c01dba5751c822477b3a46fca2,WhitelistUser144,0
0x779409328E339819Eb66bfD281d84daB0fd16A0e,0x1a71ef2e2fd4b048ffec5cdb1b16948d4734afd892b16a4544eeefa6ce50ea12,WhitelistUser145,0
0x37b06bb1404f9cb7FB1D3f30B40112cfEFa2a451,0xd2a6296d02e9969a2e706ea99f01757e1a5f108e35674d1d1a0a045409882f28,WhitelistUser146,0
0xEc9B84BBfbEDeE5099573a955Eb2aC739812Fb28,0x130b883cc038b3384a777ca2d83a4b5accc32f2ba444b782f10980d274304fd9,WhitelistUser147,0
0xbE9d7917C4803868Cf3856116966d599AAa8EDac,0x9655c5dfddf1a712a763e0f9bf08f154d6841ed5064b4486298fb4f9b8c52177,WhitelistUser148,0
0x68AED001B1645fc26B24573F9f581C87704584Ab,0x287f68b430a0e104c34183c6bbe143e2d85432c4a0c241ce968ba622b62f0a65,WhitelistUser149,0
0x5918C63cBb3B1447e47489B5Ccf83E53b8C5ca4d,0xa121a43593d156faaf3ea6872e3abe315026007d71a7faca5cef521ff2277318,WhitelistUser150,0
0xb1c1568c98C22a4ed766165E213190424D9F9c9a,0xac4da33b7d71d211a44860de5b080e0be6bf19c634565dd75f2061f6d0bf592f,WhitelistUser151,0
0x2798bd0bfA15EeE9D26c48dBF8C2157A158ea58b,0xed855427718d76a76fb07dc86365c56c05560e627fb812d00f79599c3381c797,WhitelistUser152,0
0x9228847f9fe9625Ced21707DA3893a8cE1b8d970,0xdb12094f3dc5059e946a7b5d70001be6fff8c8fb5af74ca0449fe6e5bcdad461,WhitelistUser153,0
0xa1fa208Bba5BACe6c9b77c0deBEc0Da36B7C3365,0x343134a0159fde668572ffe2b1a405e2cd395c158a2f1bf1638e405514995bec,WhitelistUser154,0
0x93Dfaf319D2C8d83De8C592416C4Ad2953b32345,0x8a5f248ce475d9ba30250e8932374e377542c82a1478bb696850a84ba50f5a93,WhitelistUser155,0
0xf317840714C75700c4C55bC02d265653db3A2983,0x2bf0953ae0f6e71f5e1c5aab92f1439dee8f20ec192d96ab3f59edf3cbee5789,WhitelistUser156,0
0xb148A3c32cA549954660f8A6a4C16042322BA2a5,0x76d36aca6d61224dd2245d7008cb76248a1072285491cb47bf26ca14bdf17aa3,WhitelistUser157,0
0xbE4d194A50b3B5040C57CBadcADFBbc40B8A3075,0xea00f2f55666a5c5347d80d6b9b5febda44cd178950a4bd1cd221159aea2d8b1,WhitelistUser158,0
0xa3CB8Fb7eb626BAEd13C1D76b5d730c25C19fC02,0x9dc8d677e6621a56786b919ea5c796394f4426614f01406b264bd38bab0881e8,WhitelistUser159,0
0x4D627D8B342FCfD3a0CE38814e9e1891Dc2a1254,0xec9f06b40a67231d69d20ffeb9af273cd732d1b1a73f9745ec8ead782a3ae9d7,WhitelistUser160,0
0xdDCBFF22f572383F388969Ac1178a4693C925e58,0xba572231f9f0866350e48520e7b3f40a1d1d625dbe2112af13425bb1a810c41f,WhitelistUser161,0
0x070a56316A34f96e931D959B45D3a29334Eb98c4,0x6201105e86ca16c4310e6253c0a698dff8de77baa06c5301387267785bfaa99a,WhitelistUser162,0
0xeE806756EE344fBcd8a91eFA7db5d7D41a927D83,0x4beaeaacddf0eb3102fd65a9466f62e0f22872de11c20f6021f8f088032ef9bd,WhitelistUser163,0
0xDF3A9ea578e32Aff6A6B1497B47012E8C57534f4,0xec1fbd9d99b1c56259be746a149ee6814787fb062bd45268161b2e94d953205c,WhitelistUser164,0
0x0e44Bb89a8B720bC32c4229D529cc6c7De518a40,0x93907ac2e5cb63fb32b537e6feebd0b39b3201f23bcfe780d6856e6101987036,WhitelistUser165,0
0x14695929E0b69a5762844D8f8A7381080b4ebB4a,0x64cb72b878775a3f6c67f87c218b65eca4d95dcdb1d668520134415103552200,WhitelistUser166,0
0x8Da39C1D54379aA23AB6091663ee0E924Fc24C77,0x65f00334296753808103c042ce1a4d4a142e1defe21aa28a6c3b9b050eee4c29,WhitelistUser167,0
0x85371B5Fc1289A687eBa77e2f08395441b4B91db,0x3bc2383af25f4d82130b3068c18e660c3f5effc020267d23798fe3accd1ba185,WhitelistUser168,0
0xdD0370864C1b8BB9b21e96e0618bd4f6C657B3fA,0x3a63cb0e1225d8df349595b0be2890611abfe2e781ebf290720873acabddc207,WhitelistUser169,0
0x3947F189dB93d726F87C04A193A1Fdc0127f8735,0xbdf46900f948b05cb175cf9a260777e5b2ee11ab73860067e7bac693ad01513f,WhitelistUser170,0
0xd0B56924D1BFdb3cD2Fda2daCB3055A58888790a,0xce66f204cf38f76619726bb86f803f0c3ce171c8e695db51382ee449444021b9,WhitelistUser171,0
0xF451748e9FD7B3667c8c4B8F81F01Ba93b867e45,0x3dad989e26c8f2e0060d6bf8382d3b27420d5c74b2b7f605d33e5a87665f4026,WhitelistUser172,0
0xA02E3D87b7Ea000da050cD4dE5347eB19D358046,0x94784ac47426350a1e5a9db8134fee6d2efdedf70d6619009230a3b7e51cf91d,WhitelistUser173,0
0x0Ba2fEF60642e82948C0b6Ee86C2e48d00233B81,0x63bd389a02a259cd2a9716322196f8f14a8927080eb5ebae4eeb0a4745761cc5,WhitelistUser174,0
0x41209d856917e7738E4Ef75b092fbD9B8ad79dE8,0xfe55d86a68cb5e7cea4ff261da2fe9d4f26ad436c8a0a3e4727593af9ae80797,WhitelistUser175,0
0x979e8666895Ec0eACC936c2d89234216086aaaf7,0x6085a84b50026bb290f05f6c340770900d4b7bd1e18eeefd4f3995394598fe90,WhitelistUser176,0
0xd3b4AF4805Ea703F910e0BFf100BFD7901BF4aBc,0x5e6d80df34c4d7579b0e7d742a057e4819a3b0043c7ea0b600b4b4c85cfe4d53,WhitelistUser177,0
0x8b17D3f7AD4cC68DE55b49c91cc2d4c3Bb3EC9D0,0xe7c6666df9dd3944f2d998b07df18e39f8cc4edd86f654a2f71c1a2126dd4a00,WhitelistUser178,0
0x3EbA7DcaD82a4B7Acc3d2A3A144e819E5C794E18,0xc45c9c9046014b0ec12ae980402306596302d485e26ed5b142a07444305d66cb,WhitelistUser179,0
0xf377cB6c2790C0253fC3f9a078Ee4240E1bFA3c5,0x2b6d89f2f79a112c3f7a590bf82a6ded235aa3a40b467c88bd0a8d0bac5f89aa,WhitelistUser180,0
0xaE00375d8f2FDff87B02C5E46B0fCc28e55f1856,0x32237682c59386ec61482f7b2d270d8a773b9767253d98c9b77c61bc2307c0bc,WhitelistUser181,0
0xb6a6A9abD21456c17045c04f9eBe29311cCe23AA,0xb50e5f35ec24d9ee3920246d63f03f09b0a8f215acff1e56850b1498e4ff4395,WhitelistUser182,0
0xC259B1FBc77eCC88F027b0D7266670E43b7fcb88,0xf75032ab1961c9394899dda0acfde01bed386ac0047b66397e97202bd68c2534,WhitelistUser183,0
0x48f386c68864C57f7f475AFB5A668bb374057E74,0x82610d4d8393e9ec93618ee93f74fe67ff9a48a4218f5b593250ead031414fab,WhitelistUser184,0
0x596Ac99bcdbD49859880cA1bB5Dcb8A896B624BD,0xca62110d5dc2bc3dd482a5568d839f2d7121d380ad61607b5dcca689b60ba709,WhitelistUser185,0
0xe200C228D2a7d92592e64DC213716Bb95be340F2,0x1e535865e3ec459d80dd833689d34c5ffca08121e727d17d47e865b0850ef01d,WhitelistUser186,0
0x654C4A8CAb6E2aD6100144c33c8E91792C3C84ec,0x5122deb8c7a837548823e8ccd157174d2794763cde744e2f71850e0289850242,WhitelistUser187,0
0x011259AFA360f8Ee7e9009Ffd1490d04859F071E,0xac09bb98e1125bbd9d40e3557e48b13093bf226430086294f3f80e990add00a2,WhitelistUser188,0
0x9BBc01eA45590C3dfFaD74F9693DF76E5EA1056E,0x39da44f488944a749da413bb9b29ffd9c556f5501f75fe97cc37ff2ce50f5fe1,WhitelistUser189,0
0xfc675210B459711E8bB1440Ba92785d134997963,0xfd9e273f21cc91734db5b0cd5948229ac8169e0a20ca9656e8b20591f6095b3a,WhitelistUser190,0
0x97352afdef227f123Dae4bcf136C15F0C2AecFFE,0x9790800570cd79668795d986438888105800467914a9462edf30e62ebfb45c5c,WhitelistUser191,0
0xc7E51f830ddF55Ae8fE57A79eB560fC570224aa0,0x0307377ad897a1ccc547f37f84afad495e57b2021fd3c0cf005ff6d7f3051de0,WhitelistUser192,0
0xdeCA986546759fe010Ddd144b46027afB35592Be,0x9cacc59a01fd0b993d932041b090772636f18d70eb62c618dd52f8da68129c88,WhitelistUser193,0
0xa5C44c92778AA7955Dad66271f308236639aBeA8,0xeb13c40ec686b5b86dcf740fa7c8576736bf45a56fad48945a342bbc0dc67577,WhitelistUser194,0
0x76B0593b31F1656aaD000E05fd6A051A2227485b,0x0d9074cd02a5606367160da9f0beb22498d44c1b3f73fe70ea7adcac3a87b71d,WhitelistUser195,0
0xC0EAadeC72D00A08d7DDF7c9c8b50F0118038a99,0x899f0cd484dfd9a768fa8fb11decffe6180b5926085a8c9b659d3c3a24078f9c,WhitelistUser196,0
0xF6613b09dD9f9C9342F37fe55E196c56c16e9d89,0x9f9b5055be40817a2b50584242490e5831d41131f984f2f33679bc74ebddffd5,WhitelistUser197,0
0x67DCCd22592D261D70bFaEFA1a50F6bA3581815A,0xbb18de1fafb3525b1192d8d3152c4e15a80f79421d5177b19bd541226c21022b,WhitelistUser198,0
0x0cCC8418d293760048fF9979458025838472A6Fb,0xc94d85b83f74f8671142c0ad33313fcaad881eb90a09988c64442748848ae16f,WhitelistUser199,0
0xbc560deAa8aFACa959eDe71fACa5A8649EE33bc8,0x9c16da600ce2ec1c37e17fb12619a3d3d84da5898e09ce3f0b78c9c222a58661,WhitelistUser200,0
0x66525CF3371A27A38b5EF5AF22aE0e35473646fF,0x9855ed595f3463e115ab6e581812a9aa5d417319de8453ff5ef5431dadfc2fc2,WhitelistUser201,0
0xd0316Bd0b30c6ddF738D551523943d0b4301B12d,0xd2c64c5393842fe6edd987acbcd71f31e921892550023abfe3bba5e8e0d64b67,WhitelistUser202,0
0x4C299350773175f0Abd9f15c8CDaC0DC426B4f65,0x43895e7bb216caf46573e7c404509d532bcc82d078e56826df2e25615f1a68fb,WhitelistUser203,0
0x22046173e6eF44C5086d38229Ca61D55E94e7f62,0x4eec2521515bade322fd1727c3bd7e7112489810660af0a303d6326c65666fc8,WhitelistUser204,0
0x61CB161c7f8a1b63ee613e2540C3Be720a24069c,0x906a3549f2b22bea7902b7d2755b27cae53f48cf5c26f6d3a96d82aff5d87eea,WhitelistUser205,0
0xFCcbF91a33B7C81aa5E3fAe3e1275a3798D3500d,0xc67bb3d621584c51838404583ae6d9f7031fa70854e93a17bf2d9050ab8c4efc,WhitelistUser206,0
0x4b93D4a1d667b873960Fc55a841EEF69246BB0f2,0x15f2d7774faf22124b9c2fe9f51cfd3b5883ab4bc877f16219d401a05f9e988c,WhitelistUser207,0
0x4989255E66417c5568eE7f402a99c77A61A3368e,0xb005a86e742731c1699bd1840fdd14e9e721230cd43a9ed6093e0e0147e09f71,WhitelistUser208,0
0xa3d9FeaB4c5ce2Dc74D6a1820C42eE582366737C,0x8695b4c1d6e29e65e5032558f6987342d7bedd2a46c226578d584e812f5e54f5,WhitelistUser209,0
0x7F30DE8500Cba1FCc1F0c213Bed7701870B2A96e,0xb6a461aba0511fd624072fae7cdc4d2e93bc7e9cf12eef45bac575dbda5f27ea,WhitelistUser210,0
0x966E25Fccc139D84772356EeAf3E415874EdD634,0x8cae8d3dc06719eb03e283614532fa055b2e8bc789d9e0787d32089606fc993d,WhitelistUser211,0
0xBCbc0b9ebC414D9EE20CC39CDD75746baDBC302E,0x127b2d024652af4fdeb8bab6b8dd337d1fd8c03227ee7077f8fa017d495bbb75,WhitelistUser212,0
0xfC81004c2c2Baf706dbd9aB3cD5c5fb74843E9C6,0x373cadd4d5d272a15afbf8d05b767543fc21dd2f4cd72cf114bce52173328cdb,WhitelistUser213,0
0xac96817F3F135B11f45Cb7501AEC3da9d02731e3,0xc8a31e7d1b4d9348f3a14ddba63c4de30a9aecc308d6a25c46d0f5edf26b34b4,WhitelistUser214,0
0x33Af1A9Be7c61136A837Cd61784f5CA0c2Be8fac,0xdc80cf4b4a675a0b653b37f0b8810962a368a67424cd8f587da446ec4e1a15bf,WhitelistUser215,0
0x5D12dc851BeB649bB5eBB5E8Ec34db3EbdB76F5F,0x0550935c79278bcdf14a044886ced0dc38e20d6141cf1318b73d1d638e14bd66,WhitelistUser216,0
0x94583c8A3cfAA6D394Fb72CE9E42010C229044B6,0xcd8e3ed5cb6c1aa10680e417bd3098c5c84e258c4beb66ef6344d84fd19d065f,WhitelistUser217,0
0x6cda5700751B733C4771a3f996a9253C71F0a41E,0x9738a855ad91718156490f46ee5fe818e3d4168fa292005bbf832996d1225a00,WhitelistUser218,0
0xC16a9b727FD872A3Eccb0057B6207E527FEa31bc,0x5befa5f500c585cec690efe3e8b641600073f32941d422f603df656051ca9dd5,WhitelistUser219,0
0x656500dB227B01c2bc67fa61CeA8484351329B83,0xbecc68b1e0ef44fa7484bee8ad199d208bd05a9db27c68a02fad0addb892b2bc,WhitelistUser220,0
0x880E889C256dBE51E2510A59b2e3e0EEA676A1bF,0x03548d522e681a2cd8151c548166bd1bba5064d12ca4fbbf02d2173f775aaf22,WhitelistUser221,0
0x1b111Ba6D18522bDF662AEF19473Bc3c84489911,0x928bf88cce9b8885199169c4b4a61d9ccb91cfdafd6372a1ab72c1b8769af49d,WhitelistUser222,0
0x3C89499176EBD0CeaDA421d6F532230CAC80EC52,0xbf543b80373950ec181afed6bc86994b86e386ca8583453eae0c6364fc94a1a4,WhitelistUser223,0
0x41e91953aaeFaFc4b3C42534Dd9d8764c843C7f9,0x0a2b1542f62e9dbed3bc0f526811429c8d1bc9d640bf962d70507d4f74b62446,WhitelistUser224,0
0x9a62BF6319bED5AdF8A33eFC8522e1D93dA871EC,0x1bb433eea24199a69a7dd5618fb416b4061e1f0e09bbdfc9eb93b0b2ca022a87,WhitelistUser225,0
0xB3864Edd52c593f939F3FF2aa0880976aD644e8F,0x4bc48af623ce5177e2d1a904894c4d3214dcdb6805a05e811997549c007572ae,WhitelistUser226,0
0x5B2F1bDa1887baB69B958cE9c6E0DB19D609Cd60,0xf22cf361452fdd629502d527829ead96ef4493d5a6f7ac91df09e25320ff79c8,WhitelistUser227,0
0xd2da6e340E7aEB3cAeAf276F727879d4084633D6,0x89193710419f4b81e6bc2c95af52020226f89d87c369eeca000a33b4dc5005c1,WhitelistUser228,0
0xbD998E3890eB53db663f4d4b0f266214D81Ed15F,0x7f708e09404a44590d044e40d1ac326174e18b67c968c6840ffe9ba1a2bd5740,WhitelistUser229,0
0x8cAa831C55D6C8622315D4089F2813004153975b,0xd8059935ec497fd26180f3cb69a0d1fcb8c3ebd466b8d5688e558d5aefb4cf51,WhitelistUser230,0
0x21520B33dD13392C6928bD5495868E100F32D69e,0x212a653edd9545045f1a3695052e5c38aff3b32e9f8e63e3332d17407f4be73f,WhitelistUser231,0
0x5096fF73Df95F511B6DF04F34F9C4aecbeeAF6a7,0x5d6f8f3c9c8b8063b5f6d64c4791cbcdcac952b9300e3e34e3a4391b053f6c2a,WhitelistUser232,0
0x32ba2F82f69516e3780aC7EBb4f1183296a31f5E,0x1ad35c667d4a8d667ddaf9055d9932c25604fb0fa011250aa920a49b6d300116,WhitelistUser233,0
0x36B9D0C2fCb897436978210851017Ab86d1eB0A2,0xffe228c3c68ec59e241522d07d9659acbedc315adaa9010205940da09c2d05ed,WhitelistUser234,0
0x5d31F3eD3cc40fe9eC0929900bF4058431e16587,0x5c7a264b2cf7010374e25f12cc2cb16254166f12822c04aa5b678488156dc48f,WhitelistUser235,0
0x8C24f8B380c1238A679638ebF32cdFCdaA344377,0x605c4806cd925d34bc768f9ef671005ae8ec96c7bc4513d4b986c1ef7098531c,WhitelistUser236,0
0xFA41787F3edCC66448Cf34115471fc5dfD379080,0xaca8a84b156ea219fa1fe4f06cd95b807028ae216a7587341f3a82c1028d257c,WhitelistUser237,0
0xD333d553bAf8cBA8814a8350Ce1AB778d18282FD,0x23d071471f79ccd09cb1c9eb203a227e8d0dff8a5afe20e20aec5d82467c4d76,WhitelistUser238,0
0x953FA6228Cc66005E0dD043cA63c14f3023D5619,0x5982acdefe395257f03fce72eb06b7a6f8947a0d3b3cc822f09144f88790a131,WhitelistUser239,0
0xAb4516dabF89924B0893f035D41C8Ad0944F8dE7,0x29f2e443c2c1a30641201f3dc63e43369630375383539fed0428de43e19a0c78,WhitelistUser240,0
0x545597958c82195218d6B82f8b1209a1aF268325,0x38bbfb1c3322ce680a5e31921ad56514f33ebd98820cd541117a7faa7b4c3cfe,WhitelistUser241,0
0x780B5B98a1cB4E01E2D5C395F88801C85B7D12F7,0x3d840e665d097f7818afc2ca3403c38e8238263fde7a4c7cf47d965ec8b088d8,WhitelistUser242,0
0x7C5F7A4E5c7868a3A1a1abEa8C8DE15D2011fd79,0x461ad491be27f693b264a60ff499304623e6ca8c13721e005a8ba34b37a15078,WhitelistUser243,0
0x0C6F79b3947Cb29a5345C6FAD81431fb26c1F9dd,0xe8bb6b7caabf3b49af1fe16e6ca56cdd397b7057e514db974ebd3da8df8bc8c5,WhitelistUser244,0
0xaD42402A52c522EA1aEE933a02e5EaB27e85e8a7,0xef84f683cbb6c62960b3247324257a1e1c4e05f38f3436877aca91637f2de054,WhitelistUser245,0
0xA875F470C256cf5d01bfc9cCe3eF13E7559252Ec,0xd897716ba5de04b724ac6c79939b4f8caa1f3d800d1888234e6caecdb7774bf9,WhitelistUser246,0
0xd4fec72eE9f33c983035c7EBC67d6323116FFFEe,0xfe4693a60d9b74a63da82b0c0625652d9f9d7631894b7b97c9f15b89ca050268,WhitelistUser247,0
0x8c053Bb741b25dbd5855254d88c55233e9c9b6F1,0xaf1b56693dfdb621968e5fbb9ccb495a512f39db233aa26d4f79facd7847ec8b,WhitelistUser248,0
0x6993D72f3cC6504fce0d708D04395d0d4b8d31Ee,0xaf406ecea50a1ac53622b24ef4a8099724a8df6d30accc8e84cf34b8ae33d761,WhitelistUser249,0
0xe2c1bD683bf57a42830bF65b4942478C886C8DBB,0xea26d4e7d725a4baae3e58d16f0dbddd920ef8cc44bf3b3e8cd7483755405cd9,WhitelistUser250,0
0x131e84A18D6489d3f59c80fFe9f67eB03e07DE02,0xe8935f5a6eee3049dfaaa4a3376dd2ae0b65f8702fdbe320fc00905b300a4123,WhitelistUser251,0
0xc8B94055b4bc2eC1f5E911F0a3BaC393289022c2,0x28aef7f2fb8f07116cc6e558c53842c0b933d4b1265b3024d4096b9a549df836,WhitelistUser252,0
0x5c332878c41EA2f626113eB4dD796883cE546514,0xa1c169d1a86990d5c69598fe5460991063c6962ac342eb8c778df79acbf3c0d3,WhitelistUser253,0
0x54965E10FB122a9C65B70A4e5A3156593B43882b,0x9f5aabf046555a8359a7c7270cfe6b7b6afb834faafcb53f1eeb1e4d5cbad01d,WhitelistUser254,0
0x007F5eFE51c72d8c6657E5Df10139F62A9553f81,0x75554c605570b440c44453b56e633b9db9027773dcb0a4ddbda05f7856b26774,WhitelistUser255,0
0xe8Eaad3C3e1fB72BD467885F117c124B89a62331,0xac34c935ce2c09557499feb0b9c0b6a667b1bff707ac6ad89edd432b1cd149fc,WhitelistUser256,0
0x008EBae9bf747A778488fFE07cFE76508b533fEe,0x47a14fddf3638d378b4d28f58bb16ce05a445c87d0a6c6e0d606872c1341e0bd,WhitelistUser257,0
0xe94DFAEad0830CcbB618d52e31Db1e454C90eB2E,0xca4e249449443a54b5d52ddbf77055849c8df8927e6ebdad2c05f5a0189c59c8,WhitelistUser258,0
0x5A418EB97C49fDe96Af1D403D70cF9b387cE0054,0xf342b374e700e320e1a8de18e6abbdfb05c32cbdf32174cfa6763c87ad82b6cf,WhitelistUser259,0
0x58339186a553316876dD5e417B87144Ef1bE3Bb0,0x99d6ab48126d4d955a645086e806aebf7521483317c4e3d1928af3c88206163f,WhitelistUser260,0
0x8A472A5bF04E3121Fed5322A70b0d671273c698F,0xef357ac6af5a75b88844a5f120b1127cc3d988167d31bb3b23003d2a93722f08,WhitelistUser261,0
0x76A06bb5Fe153d4f25462F122680245D459Bae75,0xed969c9fd4d00dd217e41ef81cf0d6af759ac2d329a05a217ea5e359ffb8631a,WhitelistUser262,0
0x08f073BEB56955136C787B5605D4E8e5fd5EF418,0xf26820757645b579f4497a692a6c308d6a581e99c0d13dec607cccd5681ba035,WhitelistUser263,0
0xac53064E9B7306c7ccB863bFCF31e468e74BD2a7,0xfba3409327531bcb8c7e98c403db19eb0b4253dc99581a2ce103ac975aee1cbf,WhitelistUser264,0
0x7b99FaaF8611aE094E6fF09703d635D0bEfF0976,0xa252c44252f84f6aed0f9681b87e08997a5ecb3956790046ad9e62efd2dccd25,WhitelistUser265,0
0x98Dc393bF8c584C5dfE19FEd9B7358598BF00531,0xbb4e49d7078b8fc3c9cfb4615d80cc5f71a1de14334adac7dde5fbd869e6a496,WhitelistUser266,0
0xB869d6F44c94f0E160Ab814661A83e66bb205048,0xce1311e2cf7558f4ab153833bbc3cd16c3059715c12e04a9ee82e52eb38130dc,WhitelistUser267,0
0x0DB0F99cCA41559c8fD357B9CD1d883553994d95,0x2cfcd57c2934b21dcf16db8a5fc9ebccef6d33123eda72815ee534dd5161eeab,WhitelistUser268,0
0xc2027E0Df056e7Dc458dE1d484b76D525Aa331a3,0x76620ed03f3aa323f4849550d1b79c28e7e51b8d99577fe189f625e3401122a3,WhitelistUser269,0
0x387aF24ad4DC090D6cc36556daF308Eb1159f341,0xdd67828af3a280dc24cb9828aaf2f9ed2f0cd5cecf83edc1faee68179ca28d99,WhitelistUser270,0
0x3647c4860fF7C1c437D08E80B7048A7f26dD45ee,0x6a92278e738424bb71471c75b19d211fc9aabdd381f9c92b3dd05370a439f9a1,WhitelistUser271,0
0x4E38684Eb7180C0ac833e1600dA0c2d8a2912d14,0x51a94f73e4d6b6b18b5bbbf00ea9e26f1672730c8c39078f926c70bf2fc6f00a,WhitelistUser272,0
0x4C276111C42D60842199a895D42D041a2F1f2135,0xe828821303449730490149b63415969d3a724226f32cad7f43a9deadcd973eea,WhitelistUser273,0
0x10d6f47cfB499Aa48EF077FC2BAFA8b45D627538,0x1ddb0839b8d560d6b0c840a900488da9c465a73833106491d172ebcdbb6a2c0f,WhitelistUser274,0
0x9a4EC945f7A79AdA3C6C7A3e4D93D6C3CAf0A0c4,0x21440a86999e6ac81de5f3c89bc132592cbf9e3fbe243be67696fd0d5606b484,WhitelistUser275,0
0x59A885212A39Fde3bdF77b72256651e16f93813b,0x3a0e60eb0295528f39a207b4e24a5f5b8588df90de8a59d0b8ec67ddb562df16,WhitelistUser276,0
0x1d381B9316D6cF4ad2C8245FE5b9d0f589A8C22e,0x7144d5f18571deae092649ce24910323b4a13f42ae086d46212af3257e5499db,WhitelistUser277,0
0x558cBbc91A4872c77AB15374fc41F4313b3FeC87,0xe23d81a546ce0c224c9da1ddd66aa27c38c7678a937aa8daf0efa8512b01dc78,WhitelistUser278,0
0x5c74b0abd95948d0E43c56894ACa7292dBe44460,0xdfcae1928059c6ca0e1b4c225c69aec57439703ecd2fbecfed29be5bddee747f,WhitelistUser279,0
0x64DDc164Eb7D23912CFDAbDA37CF56d641DC3999,0xf6f9f40b73b1de5c03c9b1afa2d6bd186f126ce2665331da08821bdb00260937,WhitelistUser280,0
0xe8511789455A5859F6cE757898E7694263350B68,0xfb8f20093441a24beb3e8d6a107d7299887b15aa1e582a06ec64284a379ad1c3,WhitelistUser281,0
0x03dE53067f5ABd83418C8744CcC928A45d3fae2D,0xeed1eebaee0ad5f20f458fe074f964e05b919b349a15729ae952a7228031cc34,WhitelistUser282,0
0x4DbA83636aa8Cc7fDE2aC33a3320C35eB6645738,0xbfb5e5a7e2d2db233a8e46b4b74ec18491ecd5f857ab12174787700e90852de9,WhitelistUser283,0
0xe699062bDC4b09D021EEe23E786342A93C6Bfe3e,0x169484bc2a0b77a6c90818d97b5d782777438f928ba51918c4227deaf9116a04,WhitelistUser284,0
0x6c2fE67cbf1BE945663970eeAdE2d0B5f40D58C2,0x192091a9f7e3ab2bb3439eb0c0459e73d92527a590eeda7c223668da8a964276,WhitelistUser285,0
0xa34e711e2786c62f4F347f06BF61281C3d9CAdde,0xcff36abee56dcf759177873254efc861752d289430e2af83162adaca7a92ca3e,WhitelistUser286,0
0xAe6feD61a61967B778a41c1137bD140F68e440Ce,0x79acdc413e9b18116b447ad87bc07b6222abb060b3ce6503214a3ac4f2e76621,WhitelistUser287,0
0xcc85Fb819a45AC6726B7c2504c69251D8f4F9C00,0x180923d5853f427557e47e63a584419f73407759a13a6afe1d98e1ed104c1798,WhitelistUser288,0
0xDDEDdc468A3384be96aa439A8F0cE5b2793690aE,0x47416bd3bef1b39c06b40daedb96d84b12f4b2a013bee30269660f5bc03c0c35,WhitelistUser289,0
0xa83A3E4D4e86274C962ec9FBe497613C6056625C,0xae49ed6b28f4ee9afec8e1f8e893742bb4f67e3c26edef69bb815fc0f153b12d,WhitelistUser290,0
0x74a2971C2b24F0F5343Ea07599fdFF0535A01692,0xba62b0191bab259f0dc9d1fdac193c31c51f3ba7ef962b6b6f329698e3f25f9a,WhitelistUser291,0
0xc01e96B6accb81e957346E4B98FA4F9d53569197,0x3f654ac604c4860fc6cd75bb7233b1de4db4c48ebfc7f641033d0e31c4ffd879,WhitelistUser292,0
0x084D2860124301d28dCa4C734784b9312b7183BA,0xd5c0265548b6707bc36715a785a68bfaad0ac55d2d9bbdffa571808c96e49dd1,WhitelistUser293,0
0x3CBb466140C4d14CB4584b24d5b7fC0BE0de410D,0x2b16d504183e04004b7410d73aaf307dbd758658f0351b98f57d08f23bbb9e0b,WhitelistUser294,0
0x61B67aC8cFB30c7aA0cb31F0921aA54aA6f4A17A,0x37eca369bbb356a27b2f3c2b678d9e9efbe3e5df4fd49209d0f8727d166ac100,WhitelistUser295,0
0x2E2786BfFb0D722A0dB8BE12df06056660f52539,0xa7222740031b02bd673bcde0e2576969d03e8a7801e31e6b77a38a2164ec31d3,WhitelistUser296,0
0x75aA0c5d1d18067c0FA3459352fbB252a4d02fff,0xd6f55b85706988edf5641e2299dc700eca6310976f108974916ea5bfc7debd4b,WhitelistUser297,0
0x489a506777e8cee19E4c9de2150ac0F6408327CA,0x1a4b4af15d89a24a8e8b88c74b5b6bc1b932a71a5a361eaf830d2869dab3129e,WhitelistUser298,0
0xDc502F64f409185A228067Dd64bb7F49603e56E0,0x6214a64b89b3acee79fb4863b303648c1f2a28acd77655b61467196a15e56ef3,WhitelistUser299,0
0xaE75Ac847CB08bEfb69cA2a88779Bce24e0c5020,0x418ab521f69aa45b5d1b610bb7b6d443f2eec2e1e593eafa1159409eae0a264a,WhitelistUser300,0
0x439EF0b3eA0ECb56764AAD5Fb58d79Ffe08D2aBD,0x69b431d051f401b46e4d4d746677d82eb557279cd01ddbed0e52e8672c4049d2,WhitelistUser301,0
0x233c1f196436f739557820f6EDE8dd0e00D6D4c5,0x57e5f70898e67609c6ebd97de467740417317b55680a2ded89597766956655ad,WhitelistUser302,0
0x0095BCF829A995149f8f6aDc01c90f278dE1C893,0x9ecd4f5fd57913c7cbfe1147ca5821e60035befd754a33a8166329de2e186020,WhitelistUser303,0
0xf6027476bFFA55dC83Feeb0604b677290F8567De,0x9c5be791aabf53bbf14d2d1c808fbdff7ff73f2ea7258f5438e9eb7d46a823f6,WhitelistUser304,0
0xe3e6063AE0a5305b75894DC41cecD69198644C19,0x7bd4fccda7f291ced6b5a59e82317796ab456acf5f8886832a53a7b9f805ac96,WhitelistUser305,0
0xf0C76bfdac3036eE6e03B49a2201c2a654082378,0xc281c29c32a76c20f8e297bf2a7656e1b3ae47b98601e2c98ce7a3d4bb14106e,WhitelistUser306,0
0x607B40E765aD09fcE4399A65af559d7b8c5cFB0e,0x239b92f7fe650a77b9433a7d205a886bf114d90e6d68f0d24edab2b9ab45bffe,WhitelistUser307,0
0xDCffA4650EEdff5F02c375049AF055dd2Bb8C26c,0x7f8dae4b77066a2c05b4d81d3487af8fa4d7d3c9482267abeab604cdc5e038fb,WhitelistUser308,0
0xfe42A3709cB0dd34B79ff70106D5b8B162B18183,0xf3ee860ca99cd5c668c6cf6b2467d516c7636617079641173a36aa903e118bf8,WhitelistUser309,0
0xf481758a67b5659D1Eb14E9a61b5B677Ff8f2E81,0x8d8818b330efe7458f22b98f022bcc6423f7627963f3a5cf1c08b2d5354eb5cd,WhitelistUser310,0
0xF0d42Bb00f65D8717b96FFa26b5418d3A86F2241,0x85a778018df6f4bc94df6f40b3a417a15d748602704c53fd2642049e28883d69,WhitelistUser311,0
0x0835fe2aede040A8De0C0Ac5AF60A759C241aCBd,0x5a2251b251e6ac51b4fd92ebf9651892d0e7783895ad2a0693aa4f500f85d84d,WhitelistUser312,0
0x703baE76D7405a67981923CE956dDFAE5c6bEEb1,0x44a9bb5a8b09445547892a8414ea5d8d1b24cbab14ecad45d64cfd8a9f233dd0,WhitelistUser313,0
0xd6d8d5E8665B5ffB4d959ba7b2234Dc6F2b7ee41,0x5be5d69161cc69aa357ab07d77da0ef4393093e59fa580e624b21d7daef0d242,WhitelistUser314,0
0x6d6bEcEd0342543114A7ADcf92a18a3679B07eD0,0x23a817c445664f48033ef0472b176c8fc006157727fb13912aac921e74d8cf18,WhitelistUser315,0
0x4bcA2261DcCd026483cF94fe455e39F43f433835,0x78a6cea6c6c3764bba380120db6a12c786173481182792b35a41a336177c5fd7,WhitelistUser316,0
0x99900dA57b1EC64160e5D0A550CB129c1121725B,0xef47ca5e84062c799196d13ed85d8a33daf03d24edf8a7615b635d68ee464251,WhitelistUser317,0
0xda91bCD9d3A34081364a113D3539D0568bF9C32B,0x0894cabb18606520b37cf0a54e3ef96c77d8cf7a4c4fff7f8df5bd81bff5d035,WhitelistUser318,0
0x477868eAD399C8D326f35745C77C8F0B54c97341,0x4738fa5499c4716dad646e15225214ca0b647d7a843de52d502fc8ad746fda6c,WhitelistUser319,0
0x54b763B2bB5Da64b7a5f481233aD39B76DD2A2d3,0x7dfaad5047dd85571c9a2840dfdec7aaa3d039243f03d6fc065b9884e002c014,WhitelistUser320,0
0x3AC1D5E018F3b0CFa7Ce8Aa34975b748C4cf1CB0,0x00b7d9958e3fd752afc3a838c9a61ebb9623eaa0fd74fe87f68488d407f44302,WhitelistUser321,0
0xB85F53E5e00C158c53fcc90C836e8CbbEB9DE6B1,0xb05f97f7e5285bf6b70aab784a38c39447706cc9b053fc052f006d6519cacbd4,WhitelistUser322,0
0x8aB4217e2004DCb4DD59800EE370A4e15ef3ce89,0x1b90144310fc2d8674b7a5194f589d8d0851e6a16101f86afc6d8906e6a9d66b,WhitelistUser323,0
0x35cc185ed34493823f3a3410aFc9faa7C12712C4,0xb76e9e27453e6e4c6e57aaf830a74be493deb9b79c85017dd8f0a543a40f2bb1,WhitelistUser324,0
0x9dA0f39d285C19f61252748d8802F0aFB206257D,0xc22cccc50db37bb445f6a8a92e6b9724b27e071e4dd627b1a62506b175ac6751,WhitelistUser325,0
0xF3725AbA1571f28C878d9cfd43733095b08c311F,0x58fe335262afcb6f637704a88dca4724cad9eaf551eb0adff1cffe0ccaf9f02e,WhitelistUser326,0
0xE10D2381D2f443191Fb4F1C226830C420F68eFe0,0x340b0f4e355c45ed7738838d332284befd9ec38681c5d586610f11069a3d72bd,WhitelistUser327,0
0x0E74F7D9F5bAe425a96EC78752559A14E6B54790,0x10713f5e7baca3a3efffb6085730e4598cf25aaace06aa168d7553b282d9f4f0,WhitelistUser328,0
0xF29fEadBEee7c3F58C4d8166aB6Ba6bd50d22157,0xc9ec22ede2eb660ac84054a00ef8f3d61a567f1b1b32367bd898d541478899e4,WhitelistUser329,0
0x3AAC0EcA39635C5b158900a7343602aEF6274249,0x1a20dde3e9966d32be76050d0b2370231e24aabf88ac7446a2406236b21005c1,WhitelistUser330,0
0xccae1BCFe357789ED36ebFD28aDDFcd4b3c24590,0x967e312e4f70300366a9d6c49f55f10590221860ebbaff69f27b05c24267b729,WhitelistUser331,0
0x3e6F3D377C3401E1633d3D10f02F4e2Bd752b673,0xbb6ddc45da65f6c43fa19c2830054e87e5c71b4138f2c5ca47261cfb76298dff,WhitelistUser332,0
0x1F65Abc545CaA4ec73683dB2A03D4A75683A67E8,0xb03e9c7979f1f0b8bc6623fede604696eef27799d38f00f4ab3da8bf42de1794,WhitelistUser333,0
0x6C7D4bF255bd845CE413f6c40672DFDFB7aa9CC8,0x6bea37189978dcbcc95be94a29bf38beae21c9e40df0bb7e02a8d64f86925fda,WhitelistUser334,0
0xfdd008A8F81650470E4D326A73FB82b080232e16,0xa87b95a5ca44d4e21b06da1d42e4285f28aa9ab719c6ce45dcb76a654e553867,WhitelistUser335,0
0x3da72ca00020DeAE1dc3d1063a63754F84F2beeC,0xb8987b338d525ec986a8697e20ced1739329a0c20db1aefdfa40b383355347c0,WhitelistUser336,0
0xc994FcCF55aFb45cFEAeD62D8F09D7D9FE302db2,0xed7e4faed542e15d86e7ff9d7d2a4578f9018c80b8208ca33c3ce156b6d2867d,WhitelistUser337,0
0x6220ED66bCfE4CBb6A40B73e460901D5A001622E,0xdc748119a7fad69af0703df7573675086d59fdb6e21f2b8e218e99639d038cc5,WhitelistUser338,0
0xa4bE795EAD10B8bb0fF97aD7028a23835911c44E,0xaa9aa894f4f180b6e7a93c71fcde92de31caee32f8f38a743861c7abfc24b914,WhitelistUser339,0
0x0dA0e6cE127fdE2eaF4Dd4b705B636649B9C998E,0x5c49f2f624f62b30cc3ce09e3e1594e47fe6519d58e1f9b09d5d8eb36943e0e8,WhitelistUser340,0
0xF87D004811Bb0e4aEF93cb06d354eF034c2898D0,0x4a5004c349ca064c3b439db6a74d17e96f75389263eca0f04852fd220cefc437,WhitelistUser341,0
0xDC3A6919dbf684f52444924a1262Da7D097b337f,0x427cf23859f1db9addd98e9e5c4ce5b2e5d8d3e31e261ed0a4831b1bd689b08b,WhitelistUser342,0
0xb5AB4d8292E9bceA8bb45546705507956bbBe470,0x48c971c2b0b1f164334afbee8d7400ff06e108b6c30216128463a54c28253351,WhitelistUser343,0
0x36b890534266AC5DD4050daBA34202Aa22f3E80D,0x3ff6dba905bdf7e2fa0da9de6381b9b8a5c4cb85caffb9a58b21321104cae11b,WhitelistUser344,0
0x1a5ba5221478267A29e99CF89EA01d982a915d97,0xd8920c3f41bb521274d20faf75b45c83fa44eb6d2f79668ab21b2c0fe85807cf,WhitelistUser345,0
0xf946235426862c39aCF1310959CB75877F9ebe98,0x60b8dd4571ff59d2c0cc2f8bc9bd62957ae93c2e1c4cc56fd2bddfb9000684ec,WhitelistUser346,0
0x25e42F9720e62D42de2B649d3e01A4C45793aa9f,0xaadc7ffd9697fd7e77174bddf82662c3a7a2dd6da02b8c9f1d3a56141c239b07,WhitelistUser347,0
0xf69dAF9B5F008928d6C65CD0f4ceaB1677f61510,0x896b217ada6537c05e6e0e5e4c8914342caef4b09684e3fc1bd36f821cf359d6,WhitelistUser348,0
0x57DBFF72A54D2fE7071140ef2A7464cF61f8719b,0x4f62e8e4161dcf096dd43450f02f01b372e72cf0bcd1876ff6c2dd8597d0c738,WhitelistUser349,0
0xe58e806d82787C647f9EDD4D1735BB1A5c82D0c2,0x21465dad98720634dac2a2dae56dc69f92bc97fe10c2562cb6abd80b654fd000,WhitelistUser350,0
0x45cF8163343d7d4b369F1eCF94dF2fa4A0F867e2,0x3c684f6a624d379691794bc6ba00cb85e7a5bc724f21ed056ba8d4c35d00aab5,WhitelistUser351,0
0xb12d5d543aB762a614dF7f4aF06f45eDA3599CFf,0x8f176fc80bb588adf8117b4d4b8b1b65b00a3cec13ec79edb1c4dc555ee10d80,WhitelistUser352,0
0x08afBf1D2AB30fa178915A340e9639aB0dB554f2,0x640d711c48485cf9b476c7a23d2ca33e3868770131bd778c8e33a632ff7506be,WhitelistUser353,0
0x8F406b4E6339c422A1a314a7043bfd506A906B2D,0xf2d808fa737b02ebac46c0188eaf915ba1aa45eabde2242a51d64c859342d176,WhitelistUser354,0
0xb64d3ad373C90de91FC5C4253706E92C3657A2fF,0xe15d4e4a61e1334fdbc0041e5c16c01d325958ddb078f6dfc06849b67255d449,WhitelistUser355,0
0x4cdf76683281729a88071d5E2796ba45dc14e491,0xcd7781f6c88fc54bbebb3d41d3f916f7b9087315a901232c85155ebdbf7e1c8f,WhitelistUser356,0
0x4cd59784f28A4a338A3b06b9e9A2c0A1fEED673b,0x273b59e5808d8d1f52bf3e4b4bdebbc35e03f6b1b76a59193b6839259c0d3acb,WhitelistUser357,0
0x571F44e0ac74c77FAc29681D9902b29D53A3D83d,0x905fbb3a80d8e5ab58ce27e06dfe59aa6ce9d7db64359eb408d39f1db8e0b556,WhitelistUser358,0
0x49A34942a535a47365Af13AE37dF07a8705353B4,0x662ff1ec1ac1b4727e5d308aa51afcefb8f09fcad99ec136b308ba7079311aa1,WhitelistUser359,0
0x73Bfa0C151EF981c5e942C215219D88E60b575A5,0xaec8128aaa8cbaf653b6f4f1cad4f3082b61b4d42084266af7a8ae8e432ec327,WhitelistUser360,0
0x43B846B43A1Ad7A76bf684571cacd123BE776211,0x813b35ed7c72b809c0b1445762b0d12e439810141d27bbff7ae43ac4d4fefc00,WhitelistUser361,0
0x6F5e5FB3310406B1D3C70bf2ae88F998df213942,0x4c836581e5e4d04e373f2c42a922a8ddc829ac804ef486e2332b8f41015fdbeb,WhitelistUser362,0
0x78A687e0aCe55B4E22ff1e13a2B0BF0B29ef63A0,0x6ab0dfe575ed26370faaee82cc15febd1d80083fc9749d3f49f6e18ca892a166,WhitelistUser363,0
0xE1634413D9DB3F86BF60796B526B09f7c11D3E3D,0xf9d656c2e9ce29f43a3ddccbde6b19cf3ec101315d912f21d20917b76b513a6f,WhitelistUser364,0
0xDC96b87a2e132baa03481601DbB5f7d87Fb543a3,0x9c834f96b119a752a1b5dab6285313a0df92261c35ac388dcf28c75fd3eba9b1,WhitelistUser365,0
0xBEcE7fFcbB7220B49C4195D1E86F93704D0d1164,0xb3ef3662ca8255607f2e0afd590c6fc27a3433db0359f7f45720c072e7b5e383,WhitelistUser366,0
0x5599C61E8122C7353b8C5D96Ef060548951F8Bc2,0x503ad003b52d1cf8749e48148b8b38f74103f127d55f91f69f65c314fff43030,WhitelistUser367,0
0xd1a9ad0B447CC40d02A19800622518e23F7EAE86,0x9918c8b490d8cc35e56b12ab0c1ff02ad445e05113ba18bbd86536532226b6c2,WhitelistUser368,0
0xC39F9f1b97Ef2aD23804b92b5Df4cd870aacA696,0x37997d28d02065f4555b8c89d77384464832d73013fea7d79b260c3187b29f9a,WhitelistUser369,0
0xD5990fd413C02222AF46C3451ea81B8497E4bca3,0x622f272c4640a63fcdd92da739a5e7a128f5ed365ed3a8627bd1447fe72094d7,WhitelistUser370,0
0x6c6d1813f37561b2653625a6bF4302FF8c4e54b4,0x6ab905d4a6e505f2bd318eac7399982b282c44779c1efa05942dc30e71f0acda,WhitelistUser371,0
0xf2d0107BBEc1b977158377410f2F686cb7729cD0,0xe6e9c7281f348f845dac26f60a01c3d2cd0248e3ad94cc3d38cf6fb9de0c361d,WhitelistUser372,0
0x36D46992A6a6d670b73a72C5B3c91e9808495410,0xc57eceed20c1254547f7fb0bf282cd76dea2409ff2eecc763252b3286c0f67d7,WhitelistUser373,0
0x767aBffe54C63F2ac8BC51474d3166eCa62c37Bf,0x1c8f226bdd27cd9948cd3cba3819562bb4b22ac26a5d105eaa534993a119d11e,WhitelistUser374,0
0xeC990Fb8A892c2d561355A9d07a0f95a55f8493D,0x546ec3d40c06952092fa361d4939836de603a97534903887595b9cd41ba71c10,WhitelistUser375,0
0xBf26a6e166e603D5E7a0481Ba6b4f241237EAD7b,0xfe5b050fada023a2eb0ee0ab05b206d2359ffbd632da72952a814358ce389e5a,WhitelistUser376,0
0xea6765f0E15408a956ab1Eb9Ca3Bf18c0F23641e,0x3b2581151d99b36636a66e41487b6c07601a10518d4f0160f245e50806d2011a,WhitelistUser377,0
0x1aBe77Ef1a01181Bc7b79Eabd529d00F5D631F18,0x33f27b10b7f64c93c5ef06da5c901a50f497d804793e943e45c9de9f6279c3f1,WhitelistUser378,0
0xe8B193E97510A26DEEf92e8218739Ca12fe80D70,0x3239167a9f18aa34a9b24bd9b62fcdf07b65e0b9f0c17ecf5069d2e5bce372bd,WhitelistUser379,0
0xf64fAB68d12aefbee8243fa8D4FF3D224376A377,0x20fce69894ae0f7049a96da3dbcd82e02e6f63a2a74ca59503b639c40bc77ed8,WhitelistUser380,0
0x66A698Cc28b6EC3a851a094e524FE5bA4FC20206,0xaf44ff084345a4e4fac033793e2fc22e283f99fdbf02378623728a53a72ecfc3,WhitelistUser381,0
0xE98438202d718a656c1F61dE6B20Be79437fA53e,0xdfebc8f53fa6a62e6bf0b12027d29e9891273e6f0b9a9eca71933578d6749084,WhitelistUser382,0
0x0B046D58D71476bcBC4b2966Abf58FB849A31624,0x04ce61c4a3e42804e578e20d02352fb616f6241a16169e15beb7b5485415659d,WhitelistUser383,0
0x21119822f44Ef8F9771459b1ab7440Ac655aAFC4,0x763b65e356aa29d0a78370ea23fda62973f19bf5a1ed37dbed72cc0c7cf8c895,WhitelistUser384,0
0x0aFC86DC557EB92Db3f1E8e8D9A3DE4b34C08091,0x0342fa0a31f9d18066901c5449472e18c05c63b8e28c46df7dc14a417932f760,WhitelistUser385,0
0x4f69C509cb35B5fBEAC72Df119B3d453069A89Dc,0x7f2377b417705189953213cf0ab113e016bfd57936ea12911c6d8535512c1a2e,WhitelistUser386,0
0x0e9efD25f08afbD9D40C73F87d64907657D26Ee7,0xfa555ae90c566d94fc30dca392f1ebd290c259e874580da2952ff3fe957c3f60,WhitelistUser387,0
0xa4f875CCe8367bDa9b19ceEe62E9Ed5acBa74776,0x52f8249f4227efcc8e973782f531a67ac894625bb3358d9a31a5c2da2eb36072,WhitelistUser388,0
0x4457E7782b3648Bdb27D07592C20C305405e87A1,0x308bfaba914531772f83336062d6ca78800facf78eca07da85af8439346c78da,WhitelistUser389,0
0x056a263cDecc97CB5371596DA387E9471b2b273b,0x76e4fcdc2f5aa76ac95b951f26734133fd8a3743ea06ba03338299f0f9f72d41,WhitelistUser390,0
0x8E686bF8C6FADDCc69DCB593DF3C35603b179c81,0xfc3dff388ccb8e24db0dcd47317adfca4bad14a9e103646fbf6ecfe1a4bf6e9a,WhitelistUser391,0
0x5A574345Db828dEc52e06a98EA51251400d54f82,0xf5b720ae385b3cb3d7018d068f88147d2f38f9d29e6cb1970805d8a228cd6434,WhitelistUser392,0
0x188978E6ed7a2109c5D63EEBeAb8fe302100d03B,0xee990c9f383a690989379ac5fc3d92057c9287a0dd2269af66d36bcf990ea1e5,WhitelistUser393,0
0x1bD9349276D6d4569BA8Dc7d3EaC1Ecce557c86E,0x71ca1f9e9502f966357329f6c09264f40a49fb4562594abf9c426e488d377f0c,WhitelistUser394,0
0x6541C8336f996a4a4050168A0A3417ee24F87940,0xe581dedb6d616f7f60f318f0d00e9d946f450f610dea38e1957de960cda3dd9a,WhitelistUser395,0
0x9Bc16cD36D9E34f1ce2ec28B2F185e32757F4A3C,0x4621445f387cdb7b4818dbbdb8c97e1a83bbd91fbf9dffbf9d42d17a6b88f381,WhitelistUser396,0
0x08Af70780649d037CFABF48bC99fB7e6F3C8C3D8,0x96e3c493de033d293df1ce85a42fc3651875ba1e662978548a0546a011821ccb,WhitelistUser397,0
0xf959eCedC62DFEeEED7E224A854ffDAC15607455,0x7704cde8576b6a518b0beede73a2384de1280bf15c0b347fdc7b3a33c2702bf2,WhitelistUser398,0
0x56f01F8738Ee072B263A6B4894b8227ACcd4D54a,0x48133f89bfd8a816de37bd2de2fee81ef0818458da11b7f0dd3dad862d7951dc,WhitelistUser399,0
0xA68287B8eD8519D00aD2ca7040D8592d486d5335,0x223d061bb1a5e4a2dbcc7f79f6b7d0e735210fd29c5b0c738492007fefcc68c8,WhitelistUser400,0
0xEf2c9cA190771e2eAF8AB3317F08FFfbc69999DD,0x52faa886bc15e1ea3a48b7e952e343912ee03d9f275524823ea354c5445339c1,WhitelistUser401,0
0xe450dcb9fB1251bF9B3A500a24B90c5f9badC902,0x1f44c5e128626e2aa364ab6ff5992fd57b5710cd7fb8bdbdeecca44f728e448d,WhitelistUser402,0
0xf088894bE5950Cb94053b2325EbB23C61DDF24d5,0x76dc822c370807bfd6de66a38aaeef742625054fbf746a54bf7bbf886d71a460,WhitelistUser403,0
0xdc0727F6d26a10155640F51bb2528aa41A0ff35b,0x4dd8e137ae5789be5a386c9dc15cfd6aaa8ba61668846e6fb500c0148f4e8416,WhitelistUser404,0
0x8863b71C3C295ee3687bAe36c6cCd5CCBac05842,0xe204898f891452fa12e7e64683553ec2cd7218369d85d29602714d824a4e964a,WhitelistUser405,0
0xA7a296d77Ecb7FEf75EF05A583F862B6E3f4380A,0x4ef9330fb6da91bf76f0bee07b3e6b3f0b3be696f6b1870e3fa67043b9bb20d0,WhitelistUser406,0
0x5EBE7097F9d6E58a36b5eD5b7009cD85C361Edd4,0x9bcdaead7a313a35dbaabcefd751735d43e8c4ee7a6527842d5518990b5209d7,WhitelistUser407,0
0xdf8881fE040E4186fBbBeFD0C3A4805B02f9Bd00,0x91f67f3135140b3858917d93893489b43b5681470a44bf790ee4d27f5b38f860,WhitelistUser408,0
0x6B3FAbFE286eD5d9447F17B8b72c95233838FC21,0x434be4f13ad1963268045027b826572cf1e50638e65c87f5ddcc04abd01fcf44,WhitelistUser409,0
0x4DeeFdBD53AD317D6BF313f142b8da21733497E6,0xcef28acafcdc46602a15210d189a4370117bdf354fedf5ffd52886634c66de39,WhitelistUser410,0
0x5de078A875371577225d451150E086F5371661B0,0x5fa81902478c5822f11a2d3f39741255bc0bde01a3aadd60010f2e69c6d79e91,WhitelistUser411,0
0xa2835e0B2f35FE4c0f63A9692Cc42074Fe8B2f8D,0x0f1f53ae8e2cb74903344d2e483805d6af305ae05be6cc07cef3406eb216b81c,WhitelistUser412,0
0x4c6434291C6D27A514803eDaB7c25b6be3e0DE14,0x6b37b520d5e3a654936b9ed800ae316b9aace878e2e64737b1aee0d284eaff05,WhitelistUser413,0
0xBdfCDD37b5dbfF1e272fAab6558411e2D40C3076,0xaa14f241f13478ca5a824d232dcfc5fdd3d71fa5ee3921f778a818eeacfc318b,WhitelistUser414,0
0x2bE430D171021Fc75FcC1eAb52ca00Ff6Aa7ae03,0x5bd13725a6d1c06307a316098358dc3eaa15e4273eb8a0b42d1ab625e3a5a878,WhitelistUser415,0
0x57AFDFa20e3Bf0762427E6bF6a2bE9bB18A1596F,0x516f52b33335e6c9e6e0af367c9cce60b81dc735b8a2f1c5c416699c32bc834d,WhitelistUser416,0
0xD0167f006BdBb50Fc832A57C147FaAFdD63ded72,0xc2cc3d3a4dd76db29c491fdab263d32ac63ed9029cdb1f2a3142c9a198081d82,WhitelistUser417,0
0x3851A445439372Bf02d1fD45FCE1398f5777bed9,0x020e0ee0f331811c7f4debd50f97e71d5e43a9e69ab2bb2d6d1991daa480feb1,WhitelistUser418,0
0x6cbcF7E3881945BA069557a6Bdcc0dfC2b201641,0x0db2f6f00e83ad766f23a347d7276ad94278d4f4354196bf40f73402b18de083,WhitelistUser419,0
0x765790c918cCf944ED2F789f8F968a7bE5A0a559,0xf3aa8e4276222dee075d6538151d93db296ea545e830f2e7f55ed14bb1230380,WhitelistUser420,0
0x10a98E2C73183e89460CCA290E1a8B83e9d03570,0x1e6b02ca9906d2121af3499add1f38453e161784682ce2d116c6e9fdf9ac5ee3,WhitelistUser421,0
0xA6fe331a78e4fa255D10d2A1a9ba3C14c53F6804,0x53760389bd0e71316ba2d56ab98191a8857924dd0ed7e26c987f6db80f9e4fa3,WhitelistUser422,0
0xF5B6793cbdB13b29fdbA1Fa978D51023DA0d14a5,0xe139654ba5fa283b54c81b5643180973e31daa8992d9ddf11fe1cce3d51425a3,WhitelistUser423,0
0x2f24B7F007762d5C72bE549565172f4d49728c55,0x102af246b27be0567c93a071cd1ec21997a1ff267953f8b70bfbf19ae42ade3c,WhitelistUser424,0
0x798F13D74A274F968b83324A21daC4B34325a70e,0xf9b7e3bdd89d4c7126c04e1d75cc0603b471c075dff172967ce27686a8f61d60,WhitelistUser425,0
0xCa950Bd3DEB598F80509C733209Bbc34E8A2c299,0x857f03487504820521bb5cfa84e94d9e5b510a182de64a79cb43d454959d1121,WhitelistUser426,0
0x2910049dDdddb2a26A677565b2bdeC161D762Dfe,0x114da9b39da9b2d4c0e029a71e9bbf4eb25e22bcdf96dd1cf281e9ebee3d660f,WhitelistUser427,0
0xAD29782513F251262dE5Ff77e5e644492Ad8149D,0x55a476585ff6d1b76d1d74421e6efffcc77393d721e8563e72ee08bfbb5026c8,WhitelistUser428,0
0x1D182F727D830A72d1724a540A4124934a28fb65,0xfe2e9ccc85f343808dc517041c2dc5fc5c4b6d12a644088d423217a013521ec7,WhitelistUser429,0
0x1C195e586DE18a18B6852Ec1Ee62f49995978D7a,0x754307c50021f8a7f32623a256755e156bb90ef38fac5843da243fcdf11e9c20,WhitelistUser430,0
0x23a95ff42c8A1c035FFd57de7D9e875DEbB3C113,0xae513d84f2e9d9c7814ec5aa31bf171174c73b84c4823838d22fa2bd8435440c,WhitelistUser431,0
0x7BD54831C49101D9A477Bb112Fe6C6E2403c3a71,0x7e643ddb397e3ef8a98aa71a56b453f8efa1a81b7ca540f50871948d9f3aa63c,WhitelistUser432,0
0x4E80e15A44cc7ADC2594D8dafd3CD8F8C1E5DE3f,0x8a624a9cec927d966fb9d4fc104332f9e9f74f92e0f19d7d3eba1e3fab27a23c,WhitelistUser433,0
0xE330f16A429e71FD7004D9a5E0D3498cE0F9c80B,0x8cc5f5ac3f8263344f8fd9f3ecb447fb8e84479d4758eefb79ae7abf351a8723,WhitelistUser434,0
0xC23c1705109EC1d90719D8Faa446d21529a973A7,0x61fa3cee61a4d936673f5bf894fee8690072c6a8ef28903af1d9df48920f96a6,WhitelistUser435,0
0x87f48e41d5A80ec50b191973C0E125F78Bbbfe1B,0x114c14e016c6dfbb41efde99e23a4b899e62753a651ebfc93791932db31503e6,WhitelistUser436,0
0x894414fb3B7872b02ce01A008C2565Acb3d80384,0xac21ff6326a9fcc37096175958ce822d0da5fbf3564a31682cb358f72002491a,WhitelistUser437,0
0x37B8f9Cd5820Eac49f54fA89A79776d609c4b930,0xf85d6fc1d440f1179fb7a0ed8b34436aecff917baf5bb0c81cf1a2e6c94e2e53,WhitelistUser438,0
0x75011A5fDa75d0D46746aa5a4837968BCc86F33B,0x6e608953e69812c42eba779c40447b3a1c2d4474e863190745d272f31210e402,WhitelistUser439,0
0x1Bc314F2aE278D5970ae1f9C4708ef76068c5B4e,0x18afbe14d542caa58a64fc87b3120f0bccfebd24cc777a16b0a1c23c0f068e2d,WhitelistUser440,0
0x7c5B288Ea5dF7735BBbe0abe666cE94E09f1E0d9,0xfcfd680e747be5018ca21eaac7cae345c35352536a7413d551ab29602d63c75f,WhitelistUser441,0
0x8Fe150Ed21745be05B6bdf7eB2eD0f625059f22f,0xc04f5f7fdb3aacce0799394650bfae02366f00e5e8d69986002eeba297b11174,WhitelistUser442,0
0x37aA162a8566cB72c7D224DC3536e0fc4e803144,0x9663ef125fe1f5ff0cba763aba6041cf9ba029f67b6a023d3e0b47f4a20d2c92,WhitelistUser443,0
0xcA40af7393217a2aa3baE173CDa1833b6cf2a56D,0xa69a0dac2c96756ed4388359735d9c7d5a28e64864c3fb09a3013d4106a3f8d1,WhitelistUser444,0
0x369451f579fd6d37Cd66A605FE10cbc5c713aAB6,0x57ac9dbb6709e4ba301114183ef2f8c0a5f1740e90ca0742f649630c552872a0,WhitelistUser445,0
0xc21209D8177Ae6f83e8e45e0322928f44f512499,0x0853c53278a0a6150b43d85aa93ecf50e595185760d29cd614e983884555b34b,WhitelistUser446,0
0xEEe23f31E3C698D58943264ca529fC671Ad26A1E,0xbec727e41cf5dbbfdbda073db4e2c9a2af9b89d6795ae8fd5e03aef1e39a91c3,WhitelistUser447,0
0x11184e33dF29Bc8421530b8D9804003e24202Ea4,0x06da84992c7a57a85515da723432e0e28b5822ee9668da644a8aff7b62335d99,WhitelistUser448,0
0x34495463837fF6b8e4322f593b998Ead13c8ea89,0xb8a03f59803218ffa1d7cd765d4374ed717c925cd8877f64318de936d0bafc6a,WhitelistUser449,0
0xbBfbdc41cdF88714205cfAC4bE3eb57fB3d37dF6,0xa7f7141ecc847277b3633f3450e75d6593963593b3d7199e0bb433606502d438,WhitelistUser450,0
0x351e36DA4B791FB92AFfEf50216DE25154D1453b,0x5d4b3ddd7e2b8465f26422d16ed15711a65f3ecf557fbebd19f297b32b50d268,WhitelistUser451,0
0x8b490c3285e3680b9F62A60F1483E608712E2e44,0xf6be3bc34d0313695299cfc51b8c439e210c68cd49d0df78ee0a695ede09b249,WhitelistUser452,0
0x10111A18D6905fA797667F5Cb3315b3FD0ff9446,0x49a57ff533744e60ac9935f63634311d750b6ffad745ddcebbd531093e44ab0e,WhitelistUser453,0
0xBa45a87BE2481e68aDb39D06595758e6dbFAfe6c,0x6d40500d9fdeb5fb6417a3407fe6a527e602f4099546e796e29bb2be5ff8f6e1,WhitelistUser454,0
0xAbd73bFF6435dBbeF16904f0853EA430dB3084DB,0x407338c7a83d632eaa3959226cc6ff95004333ca12029a5079360f225c797b06,WhitelistUser455,0
0x8304E6FDe25D5214A2E09806540395122E18a9aF,0x0fbf3acd65433bbb381f612427617304c1fd5bc084cd5cc39af7bff48b198eb3,WhitelistUser456,0
0x668651faA816B8135a8420022d33034562874514,0xf1cca98c1674a31ddeff3d9797b081e7290e9524eefcbb700e420c92a88e9989,WhitelistUser457,0
0xdBc1708fd9D029c1D10f20c00a1ef193f6027261,0xd00fd81dcdf9e376119fbfa624ccb7809a4acefdfd983fb4f503f74223ceed3e,WhitelistUser458,0
0x72279Ef4b14b8b93d7dd5f23AA400f15464Fea18,0x69e6b78703344d201fa076928cef7816c9e4438e908287877cbba4a7d8954b9c,WhitelistUser459,0
0xed3d324AF386BF9feE047f7bf68832f2A3A8Dc7F,0x49c3febaf9ad91db8376d4a27759dac31382c2b3e71d28c6664fc453dbb85540,WhitelistUser460,0
0xadf36A2ede34CB00EaF14BA4A91649C7c6d77c07,0x97c7ad3211e1eca38738b4a6c0023785022ea6cb1042f3f4f3218ccf7f032889,WhitelistUser461,0
0x2c20758DfAA226DCeCDAED5eaB40e77C2e957503,0xba2138e06a44f1a0a30e56fbd7fb1e68485d8d09900de1c0d8f25812e9bdb18d,WhitelistUser462,0
0x71Db81731a7Ba5a51D0964b59827E59003626545,0x3a922b399c7c4753b11c4582dfa0789e3ab73c490dc52719e6eaf9a65e47f2a8,WhitelistUser463,0
0x267d9839f6c74a4b31aAB2522fd52Bf270E1Ff1e,0xd9e8f7a8595618576d3a988dea1cbf29b94d52ba356ab6519b0407a51190cc1e,WhitelistUser464,0
0xaD10fBe216Cd164c33E2b4A9Be798569f5f598c7,0xc965636f1b5d754d498cea9ce4f9f1a979d6b6c78a6a786c5c2df88554d96168,WhitelistUser465,0
0xE5864f620A84649De53aB538babE4618643D2118,0x8a2728fb7a4ec758f7e6b10521b110b378567c05ebd03d0401ed4319342edffe,WhitelistUser466,0
0xE59a05ca8c7e2bc4BD29b30cA391B183258e2eAe,0xa584748d666e966cc061ff698ce4eeaad49ab21fbbe5be47ffff105277e5ee9b,WhitelistUser467,0
0xEa83C9EAe93Da19Feb9239Ecd8EFb71024a7d4B8,0xf2db754e711965613a46903cdb1cf32b8b0687997a6f6359d780e965baf4e290,WhitelistUser468,0
0x50C51722F1dE2bA7114BD2041b6c34E52f8DD4c6,0x72ff5eb0b28982bfdd3e71e4894e6db5555b12ab62fc22edf261214b53b3b39f,WhitelistUser469,0
0x3DA06B00ee7e0183c464eB0066AF951e9dbbd4B2,0x395404fe80a4d7ebbf35fc5ed8ff04c96d3c4b7859025ee08551b5df8fa0500e,WhitelistUser470,0
0xcDFd66E26aBFFaab7B5381658A7c22c15F487658,0x1f14813df5b3f0087cd75642b8278c17e50022ccd529217afe839b263165d24d,WhitelistUser471,0
0xf25f30789244dd83F1597d643deba6a235996Be9,0x95c914dd8c4a283ceddcddb3adfd199995614bcf682104b9300bc842665c0d0b,WhitelistUser472,0
0x04378b0AEC571d054E80416Fd2BeA7c57b0899fe,0x72c42704653317d795863c14559eebfedba31c6e00248e48d2e4e82bc44dd46c,WhitelistUser473,0
0x4003C42A6eFfA0902F052E49a0BfEead95B9451f,0x6c40c2991396bc56044249a46183dcc4762307f6157020f69a697fd81fc059fe,WhitelistUser474,0
0x62Ff20e076D1987BA76b2ABf4Bc3201B0ba46441,0xead48b0caa7149bc09e38599879835a1ec41af7a519e650da0cc70fbe82df01d,WhitelistUser475,0
0xd9c1cb9C066fCbbbb91b7ce6526844f889bd497a,0xc26109c12311390a13d72cdd73337f6635dcc24b97b9ae4b1356ab669b280f6a,WhitelistUser476,0
0x3c02e9f75dF8E41CD3B9d2A9F324018357B0898e,0x385fd8927fd35d68c290e937dd1c95d980674a57e61de4451cee71221697a571,WhitelistUser477,0
0x9bB71d14713c21d81F1C7F6aFf42DAa4232A2E96,0xe21bf73aa887723192509d373fb453e95748003c4018c6e2e446a26b4005688d,WhitelistUser478,0
0x20DcfB3959f80eDD02C24918D2D6ff0837b1B42F,0x4264413c15412a2056f8a67bec27744e6de270d43d5f4b0eba9d9cd43a295789,WhitelistUser479,0
0xCEb207E298f48263De371EAae06928Db9D7C8615,0x7c74d01d740e8a8a93d0f5a5a3a89861df73588d9fd7876307b03b3eedd096d7,WhitelistUser480,0
0x5dD36e7A255409BFB52176E9274426F0C0756c6b,0x5bdbba7798c26217e3e229bf1bfe68c706f3b074bfcbe41c715edb538f42dd67,WhitelistUser481,0
0xFB61619a1D5f191F06a7a6765Bc725050f06a80a,0x3683655a23c3c84f577ec1fbf683a8293a63ca5ecdbf9fbcb8dbb30023cdf9b1,WhitelistUser482,0
0x91bF71eae6d5952272ab864a7E752a20828332D9,0x1ad0be81237c386e79f33791efc4b5d5c563cb2ec032fab3c0a1dbcc2b03cc97,WhitelistUser483,0
0x3f14A5333956C5810b5B8aEf881a9B726Ef116B2,0x751aa97f6fb1e1b3836aa8d033897408c7d92a8d6feb5a35ddb58cec77f54ff3,WhitelistUser484,0
0x948ABd5adF7D072bCDa7f3354F93a33fFb746dE4,0xba2919b7cf21e0cc7c4ad3cc03533c0c6808ef0dd8ca90e27e1d2827f9a9d5b8,WhitelistUser485,0
0xaC257fA2c4055cfCF647843dbe0B04fCBd10F448,0x3f4738ea8510457a6e1535fb6e88bebe724147ab81b03d20cd9e1626e0e059d6,WhitelistUser486,0
0xAadd6267159fB929E0D2fA56b43AFA0e19A2C6F3,0xadd10ab0c7679c8562cad4c5ea50489e648d1e0a31a9a841fe52cbca1eea3003,WhitelistUser487,0
0xd05B4269495f82D25FA73A8f07B9F7D735dF2D4C,0x0bacc081b2b39539806f09caa2b286b849510116a570d3cd2e00b938584f6057,WhitelistUser488,0
0x41F6c78A398f08044582be958660c12e574433E0,0x75737591c8bea3c69eef5ce05a9b4c5acf4ee08e4751449abb660d4bbb86ec20,WhitelistUser489,0
0x89Acfe9d9dAbfC68d0Bb54Ec5b4B217148a0891e,0x78d90dbb94ffba0dc8614c8c017dc37e0be1590dccac79b489d42359b82ff515,WhitelistUser490,0
0x003690CAa6fD06509dD9BbC48FE93deb49F7e61E,0x1c816391ac387be1b343d1b976442fc2bfa9a481a485c9bf1eca64346962a737,WhitelistUser491,0
0x0A83AdE7af4ac28C3eF1b9f525cF2aDa94Ec946a,0x4de73da4a0727cbd2a18769389db55d14e1f1806078cdb8188a418e31c5d6828,WhitelistUser492,0
0x69D6FD4aee86a041D765DB7F68035CE4DCDAD3Eb,0xb5893bdb4a5d528ba2da28cbccd9312d246be22586a18336470414e16e3a2e66,WhitelistUser493,0
0x528977FEB5C7Db813BC62508F804d64e835995C8,0x7e0cea08fce350a74ca2ffe89aa88995d7e65980cf53725c40d161b179272b96,WhitelistUser494,0
0x0aBB21d20F29ec9Cc11F4E6168C24bf2c92136D6,0x3bd8869987fd60b2aa2d323f4f354136aba9e6181e4664d0b776310c1fc39253,WhitelistUser495,0
0x17A1f2EA394FD9ca1A8d9D23521D56a68dE3A490,0x5e18456ec33d2fb4c66c267e5e122c8b50c3b4e957dcdb416457f35188bd94c0,WhitelistUser496,0
0x40eAd0745f8E8aABe343D21A1d6CCb33Ac8c7e5F,0xe71ab25a4bff3af5eee962273ed51bec452a486fff5275a9487eb0dc37b04627,WhitelistUser497,0
0x8d1731E183e98aF9C84d03f49d250Dfb9BAb1229,0x1f86afadc861fa96ab36361605f83a2d0a369e04cbc11cc186d75fbcec47d373,WhitelistUser498,0
0x797841dd0bffcE2f25FeA9031D52f2E8DE19836d,0x97e7572725df8d5dc038d295c05ee13da8e496c084ae0ae94cf6209a814b3a52,WhitelistUser499,0
0x72E81Bbc6a34109E59Ad34501200DEff60a8BF81,0x92f54496a66f7b178d4035020e5cc9ead4b93dff1adb0b1d0d6c48000d831ba5,WhitelistUser500,0
0x678a9e49A63c70a7a34BfCd8ADFD254eDc831A01,0x317cc0251a586300192178fbb4a6bd44e32b49df239eaa9bafbd1d43a1027ab3,WhitelistUser501,0
0xcDA0C750B258AbC4Eef107C7bA83d3bf0E4B1F2F,0x132271f417445ba972203024af1e00c59a4e02d16c90d92afb11d2eda9ee70a4,WhitelistUser502,0
0x838dF83Dad29e4010f6702B5e982e0029122bff5,0x598d30d85affdf40c15483290cf8a32dbf21df22f01f14ca690762de1aacb5d1,WhitelistUser503,0
0xe4BC9E6b1CF4248fE64a927513cE0588a27bD516,0x707f8370352c03eaccbc177885fb7ff3231d199ab64436e754e477ce3865fd9a,WhitelistUser504,0
0x01E902Ea4664CfdAE574463877238E413B7e138b,0xd4d72974896c7c06aab3cc75e1295b55eef369602e89cae17c5e7dc22d61cf67,WhitelistUser505,0
0x444384B9Cb6C88275e074b6146592d1d1e873c14,0x9443b217e6e190956d47c608ee4dc5b22ade5d2081bb76296da0ef23f11ea14e,WhitelistUser506,0
0x8B110EbAa8068D40931A10b2fde19895D4E84Ef2,0xdba85bd8ce74b72004199987973b3666c8fd674f3ffd5f3cafa7a9e1f907cee7,WhitelistUser507,0
0x442cBC26dB3b59A6fe643d2482c12335C1124a1b,0x6c9c7ce70d064f2de6de36a7f38eb0c69b4ac56212b1620806a8fa83a3584c71,WhitelistUser508,0
0xB9FBa24F79d43dE04675d6b28be23CE6aDe8DE0C,0xf05bab647b9844e389a9d2e3d8c9c8a10b05749cf57360695bcd62b5c279bacb,WhitelistUser509,0
0xAc849284a67D3dBbE07Af21dB49330A7C2434821,0x500b5219e36f1b23d56c1ec03ff27be6276e5c1df2d06e457ad818c1803a31c9,WhitelistUser510,0
0x4f073CE9FAb3968856dcFe1Afac510Eeaf71774e,0x9506bd8d2b1e9cb7a4763fe6d2a69fa542f8017596ad65b500f8cad8b01ee6ec,WhitelistUser511,0
0x1C83274Fa3ED72880302D8859fF976492fC69C08,0x7bc78666b0142a8690b81147e358d3324071054db98b799c9d93461307cac7ba,WhitelistUser512,0
0xf2CD2cE9Fa1d38104d6628cc568d8C9e28208A78,0xfd89b18ec151b60d7b89b07b24fdf42fbe1aaee79a80169a63ddc3db39117e41,WhitelistUser513,0
0x1716BE3e113401285C2893De974676f2eC49C3e5,0x087466c2bafe7e902f820a77469a8b67a73fbddb739647adc766f871f080e51b,WhitelistUser514,0
0x31Ec3a7909467E14Db7dE83a512c56E4c6e44FC0,0x97512b4145be47481e18276bda7c083c287d4d1ca2d251d3c9f19af0546b03bc,WhitelistUser515,0
0xB4e59b86802D4F6D5bE070fb5b19704a86d50DE8,0xc9478798d19198369f786fb76c60160ef4e277afd763f4754151a85b609179d9,WhitelistUser516,0
0x8cEb1e4dF142177f27E7FFcC2293DCFcFaAaA529,0xb0f7dffd0eeb79a08486e0ecc15d080c181f921cf071c5fc6492b98fb181cc7c,WhitelistUser517,0
0x384Fc55488915461023368cA821Dc787139A990b,0x444f401c871f56b2c8e1fabf353decce828b156cde75a1f0f9a4c96f28adc4da,WhitelistUser518,0
0x905eC0F1cB34B21d80E387b55eD9BA67E1BB07FE,0xbf41930e15ef6f28bbbf48d6da07634f06a9d693a49f40e039f332a3c4aebcda,WhitelistUser519,0
0xc4cFFDb78c1009814D22029fbB9a7B4a20dD5469,0xf642c229c8ea93a41f2c00c0beed3fa4b4b1147d1e4956b6782e882e4d76ddf2,WhitelistUser520,0
0xfd2b504492708150815fA8da6Cb6bb82d8F983F5,0xb1c9b399aaba07ff8b28bda16a70c73d31c67c6657c210a01be8e9f3326b5433,WhitelistUser521,0
0x70B33E7aabeD7D35f7945BB97320a33C4F0C617a,0x5506baff6a9db491da7c36291bafb9f8775a8af03b7c0d4342a36418ace94569,WhitelistUser522,0
0x514D25a3f7530032Bf339AEccA696c91e51Edc6C,0x04abc61dedd079ba6ac9ada7281875fccdd33170b84a01160b7cf8001f0208ee,WhitelistUser523,0
0x2Bc97b5c3801DebbA9ced08f4D495bD02D281DeE,0x8c265d4f9ecf866e60a86ecb4700518d8e79d298ee084b16527ea10dfe17476e,WhitelistUser524,0
0x07851fd5003f0B56F416787cF002D4e3dc22475C,0x65544106c804b49e9b26ff372de7dd0e2ee20ae258281b218e8377462cdd4497,WhitelistUser525,0
0x3405E93e8B0d1EB6B0c904B889f8b70A46D9760e,0x97acfbe8c5dd6e00734cffb1a038e9c8da7305bc2703d193eac6cc02fb59ecbe,WhitelistUser526,0
0x1F9809453B05e732964a82974c9e346ba1fe8c4D,0xbf7556d3c31ca7688f9bfc30f70c03f693b8138f3412d956f93a8dcfc8aa3b58,WhitelistUser527,0
0x9C8cb394229e14DC0a6dCb4cD51B4f2D7724AbB1,0xa8114dfd7d019af40e6ac7770cdb41eee6df4dd2dd3c225f2a6092d8b0f01a14,WhitelistUser528,0
0xd128aB2b6F08433cE0AD271404Db1B072aA3d60E,0xb91999a167ff70c32dd47183872be3b27e50697cf433d5251e60507336c745f2,WhitelistUser529,0
0x02Bd8cFFb3fe3A70D54c31694eCbB6358B07c687,0xbe814a9df735910bb9654f83dc5313a1ba31801feb318f94f48cd58bbecb07ae,WhitelistUser530,0
0xB7f66148BA811639EFCD7518E17B7B6d3f674FF1,0x6eee48d47b97221483554fa9e595489abc1fe1c082d4a41a145968a3956b258f,WhitelistUser531,0
0xA81de857F696E11B89c5B42e0c3e839aD7c8343d,0x01b916a2d585510f575392c44780324c3abc2355edc230b97c44b0eb22e3f077,WhitelistUser532,0
0xF8cC020bb62068E5128618983255325B7ae5B7dB,0x57900749ab96d7a35c90c0b687a3abd40e49c95c2370788169e5276a6334de7f,WhitelistUser533,0
0x8c8864049cB98622E021B839F02625551e690AD6,0x5d09356bd55236d02a9fe3d0959304482fd1fa0721d78355860754c9d11d0d09,WhitelistUser534,0
0x36f90b57137514cEBbC67D0e4B84780CF5361aC5,0x0b306d7e194cf4872e55f7b644daf0d0c31689e15b500e5196fef445b9f0d6f4,WhitelistUser535,0
0x3c502fbf77BBB5979f57aBB9F0c98b96bd91a10a,0xccd61c1ffd3c5be0d9a379e5587f71de805b6ff7cbbab5444808db49d01ca8cb,WhitelistUser536,0
0xA19f612fEc5930784f54E7A562798CE45A65B789,0xd7e1a66c77115d10057b9be26ee21f2296bbc601e426eebbabd4a6a181bb4148,WhitelistUser537,0
0x75E92d932E0F64f3B18034742977bCFAe8a51553,0x7cf3e0ca376c2f227db41264dcdc2f72bf44ed2123367269857d1a642203663c,WhitelistUser538,0
0x0a607088Bc9aAf064E069018D1b7fb85f0Ba28FD,0xb5b5e8f8edd8dd4181d555b05282fe2ddf09f5f332395b74442171062ef9d3e3,WhitelistUser539,0
0xc23299F157CA007F6add43E039b0B520Da754eE0,0xf5f3de687a199f29d60d88da128e6680a219cfbba7fcf957e68595820a427801,WhitelistUser540,0
0xe6F995A7EB4C4Cb5c870da19c6f44B86B9FbD89c,0x5c0207f28c6fdd2bb3ca0ddf7082397727a77c4fc113708edcb387b61b2c9d1b,WhitelistUser541,0
0x0114133C7211b2e09aD641b28315CD6a832825E9,0x4fb7621bef47cbac21ec151f3121e4bda318ad609362360efb55f8f0ef506f1f,WhitelistUser542,0
0x085565850F6e878ceE14662fd2eAd77Ea5E90953,0xad1677210065434e088a8e3be7c007ec1a8bd06f4a5213cbc840c69f5d29326c,WhitelistUser543,0
0xa9AE05c725CF74583dBBf7C2b100f12Da1382C73,0x1077968bf0329c5e592c43d4e918c1d64db22573c67def2f2a063a91f8cdbf6a,WhitelistUser544,0
0x8d9437F9e74349f52BaADF7E2c7aaB52a99bbAc4,0x24f6022a92cd6b01245838ea1a590011d8a9bee04dbcaaf8faa6605c5fa5c8d1,WhitelistUser545,0
0x62e731b0D2D5BAcE8FF5E2881E26b1ccfC2B6a6b,0xd7e4dc8cafcbe17e3eeb314955ef7610cd27a3d011b2097189788acd98d29317,WhitelistUser546,0
0x42e7D65368D5858d105d99c9fB106dA63766048d,0xda9787ddf65040df44d87a4c7c98f4ed6d0be89f219f6a1735571c41b41df0e2,WhitelistUser547,0
0x12E3250F50623181F5dC5f9a326Bf762aAa720a2,0x704316c5a9bea6677a89cbf826ca621ad5d8db82de221813d276469160c82f34,WhitelistUser548,0
0xE2c537790DCB02e0128d1780CFeEBd3B3d6F49cF,0xddca91bd4fe57accea9b6fee950fcca1f285802c30d750f5c258ba028e4dc46c,WhitelistUser549,0
0x442DE05f634019E07304c1D0A8d9aC2884d81783,0x874d0c31b904311ccf102bc565856971ed144d0612ee4a33b176d63a5bccaea1,WhitelistUser550,0
0xEb84d7c6445670E3615f57854200D3288dF2bccd,0x303139a70efe19e7437f4e11e4e4cb3ecec6c7f83f978b6173af6c61080991dd,WhitelistUser551,0
0x999d5bd56e09DD86d12529bdBb08f03045dD0D08,0x28aaeed78b19985a65173fe63fb616835f1ce8e3f18b0145d250b44fccb2fe80,WhitelistUser552,0
0xCE439143bF40d010E16a60d6f486b7Ce80206fe1,0x13db47f1740cb92154abe99c19ac070b72ad830835b929822d65c4a7193a9fca,WhitelistUser553,0
0x573A9803Cc5Ec32e3A391e68853f7391401411b5,0xa08d9c236ec0cd07528748b0f9c4d2b8cb37ff4be90dd4658a71944dd6d6ed9b,WhitelistUser554,0
0x88B728ad2F526af62f47b6979bD16dAC5470da26,0x4f966f32e05b9f2332744fa5402e0207812ba103a422bcd5d2b6b964aae4778b,WhitelistUser555,0
0x77E2492BD439C9593e56cD28AC53dF246584aA08,0x570883dda067b160ffbefa10541ae9db5e84ddf4588ea34adb8fbbcafc223edd,WhitelistUser556,0
0xE6979266A5a9715D64Ba68e5CA958dEDB77a7a3d,0xfeffc96925a29f85a94e59650ab6a050fd5ecb62ffb8fc75ee9f20a5666eabf6,WhitelistUser557,0
0xcc3cE58DC58db7923E3c6A4be4d55790Bb129500,0x433241bf4a82aa097f8d58077c93f0c31cac8dc3d235ecf2a9c477af0ddb42ed,WhitelistUser558,0
0x733d2580024a9EbD6bA7138098C5A27FF577758a,0x5fc087ab18af323f2bb31d7720f57a7b0dfdd9607458a23a7bcfb1151a8bc177,WhitelistUser559,0
0xE6225a1a42b4c54690F519e37B202dCEc02D83E5,0x0d7a750e36ce9ddfdc43df0d50bbfb63eb3b3ac173341b490c7805be2594bb6e,WhitelistUser560,0
0x36595216bb07a980bFDF0Ca8635252A8cB4750Ce,0xbc9b48465b3e312514eec1a62d1fb6c1b94fd1f463fbfa7ebd45bb6071b9c3ae,WhitelistUser561,0
0xf4eA689Cf7E818181D473730d480B2712b62d8B6,0x69e761c542b278405121853c9b11e5689ad4b801183249744d469bdda790300c,WhitelistUser562,0
0x0E6178C8fEf00a12E349D08f7C57F2E6FccD0f9C,0x0db7e93a4198b1d23983d80700134c675ef031e19a5382b15047c62302d238ab,WhitelistUser563,0
0xD192F3D08829004380140A32Ced8573b3a575373,0xff6577536da45b114b6459f58f65794cb82bf63a6b82baa6618ea22561b95329,WhitelistUser564,0
0xfB64B03804C5f7D4558b2d2D6fc09d062680c4be,0xa44063ff722114684d9c52aa37cff3cde5749096d811e64f00ca7e4ae1746791,WhitelistUser565,0
0x73F809718A3EBCdb36f08e856fF36A79d69AC0a7,0xffecf880163c88834d59e77c542c62b6c68861a728daf3cc89cddbc8d806ecd4,WhitelistUser566,0
0xb4F5c336EA89AEc7b12C43CdD631D8E449E08D09,0xcbba0857bfda79db5322126fe0ce678e6d75099ace7ef195adbec94a6905ed6e,WhitelistUser567,0
0x6Deae46427b133044B202252091A3bF34EFA102B,0xb3fdb6a6f56fbe3569764cba618c423eecdcf50bc56ddd5e6ae0999ac373e767,WhitelistUser568,0
0x3f99Db3B2B25F60f0bD5EB08D1B2854Bf5378414,0xabe6e4fb9b63a5ae1068184ccb460e9dd79d0158f0e46e2271a9b1b82a134ff9,WhitelistUser569,0
0x7F7acaF56Ef88e76028891dFBE52881ED93d7943,0x102973581df7c4fd921848e2fde70cd52dc421ed9d6e3bd09f7814fa75f2c04c,WhitelistUser570,0
0x2B96E10e1eD0991dB9141877c091A5D7fea63931,0xf699dac9c6f3637986b166013c36e328ade66cb18e8c66f15c8eb077591ac6f7,WhitelistUser571,0
0x8F1361140F232Dc60D846F41C2746c28C4670903,0xc82c52f4c374f1e4b381310e2913f0624697ffd40b7d8f8fe806ae14b915bf70,WhitelistUser572,0
0x2D20827dB51C79CB2108cF1c6A762Fba93339B89,0xbb434d6f03d053c47210c171a8a643c00e206cbcffe5711f834d08f929c714be,WhitelistUser573,0
0x9452A50E38316fDaDa88a3244a27d62b70308AAD,0x088a88c1b52f1b4be5719ab32e6364ba39a9f70aaf4599399cd6c49fec4e79f7,WhitelistUser574,0
0xD5b4d435108B531FD3F6705F34ce29e89d855D17,0x0220e53b8a9aa45c7d6e33710fa3fff075c3df4675f6aea330cf1d17825d558e,WhitelistUser575,0
0x3eAACBCacc846242C4b241246F4305c8E03cffa9,0xe12dfc0fe46e30cdc59c7e749c2e6f2a57e1b59963b37e8c4ebe773a3460b586,WhitelistUser576,0
0xb49cE9eB632AF86f36DaB87209e76C89AA3eD3e5,0x4f838b0434f4dc111ca0d6ad02f3d63595c6d441e5ecaf933d363ccbcea70aa5,WhitelistUser577,0
0x4e06291132462b0037D3d644e2194ec911Cd5297,0xe3d41510f7bb92bb64d2e12053a6ead18967f0a7c9a35b8a11ed394528cfb8dc,WhitelistUser578,0
0xf368bc8D7bFd07818268242EE2339799d66EF284,0x59fcb2e336d84ae1233158aaeccd01053711021c087ebc1105e81713181e5fce,WhitelistUser579,0
0x713b81789C803a337Dd6837a16535bD173Ce5862,0x8beaa0e153ce44a1a1e827db0f8bf5133b1603bea4db0156e13d45dbb73524c9,WhitelistUser580,0
0x9d078C7242B60222774816D68a142a5F5362D573,0xe277fb34453a9ea04c1ffafab9abeaee3ce658bc56e467a1ce332e5ecf84dc01,WhitelistUser581,0
0x1dE2099ec519C2e5c9695918b1a227b09F82FaF9,0x64c10dcf756a3af5e10e44b93bc3134ae41d5762ce64390b9958ea9184991a2a,WhitelistUser582,0
0x7872c23128Bf5397d763531D80dCd41796141474,0x1b269eb469e42a5ff754411434383a9210ee1e071b76ee76ed36ea26a6073c15,WhitelistUser583,0
0x4b728653dC6DA939A3C1f729dDde0Bad6f39dCF0,0xf0dca09db1086a68cff2e03433e742b6ae0cdfe981c01f06a9e5dbc7f27b59aa,WhitelistUser584,0
0x39B5be83554Fc5fD8A3DDe0919CE5cd86f3d9406,0x4d0820d6e28db7e6f27f3a34093a0123657a5b10bf1a08d0af7f7b5757df370b,WhitelistUser585,0
0x150217d23D7eD2C47E7aB0B5e51B10299965aC2B,0xd86b08cfa2674e9fa9b9fde5f0bfdcf8724a8113a77d8fe3208fc02e26c9eb11,WhitelistUser586,0
0x05782A8B5700c515b26Eb15086eD17ce6cE6d741,0x423910f5e044d05fdb9d551d0ac06a487491bfe9721b3682eb62371627ffaa0b,WhitelistUser587,0
0x61c5C43647c6A0fd15B4c7cc551997480975487f,0xfd303d1d8755c4b724caf615c534a09273bdeb327a0ca77ed157ad3d3bd52e99,WhitelistUser588,0
0xC67fCc905702Ee623Aa82EBa32529cF629D617a4,0x540b6944192beb6b569fc3f4449cc888eb7427831d6ff186faf94cf60b39ce16,WhitelistUser589,0
0xeBD9e352c65f5d7eaC1a33aa804D45b21CC28261,0x06bbfef9c820897585de77d7538160d7b79057f77848d228f64e89514aa91c52,WhitelistUser590,0
0xd2B22d8A14d7C036A460d991Ba548a360A698151,0xa518941b66b7408d39c728b689df83d2787d73496e0ae784ba0400b71ba325fd,WhitelistUser591,0
0x5B86354F7BccB606E12B712dA4D4eA724186A63a,0xa0850eda98b79a95c07eccf2e03c8099be26f66fed843d15a3167895adddd46c,WhitelistUser592,0
0xb6713573d1A3067F8247DF5aD7f098093D2901D5,0x374b445c892961686bebf050b1dddbf1c29f1de6f9f4343fb1a67b6d2fe1c786,WhitelistUser593,0
0x7948354Ad531bcDa8E8c5DCcB5580fDc8E6D9e70,0xfeceb299f354df8fefa42e402af3550ec6f5617c933aeb22153d4d186a3180c4,WhitelistUser594,0
0xC13A61b6bb445CD1E9310843DbeFc7b8a3657B7D,0xbb54d3173a42af027dacea30c65c0a047d4d1dae6a8ab7df9cfc738f66010c7b,WhitelistUser595,0
0x7575468Bb0CFfda4F65E664914DD41eF32b5e64a,0xf29695596c89db4c6878ef9d0833e0ff0b1d7f3cbe152dba5e3a70e43fe8d97e,WhitelistUser596,0
0x48A217C4c32d4B6d05e9282b32156b1a0364E623,0xdf4bacd5958c997740e465941c780b618bb966c0499376fbf3c84acded8c5b97,WhitelistUser597,0
0xc8F6AD622ad38cf9EBD2823bA82faEaD3A1eb5AA,0x8dba96046dab5578b77079efc94ac0e07e0492a60380f732c4750185000f2f53,WhitelistUser598,0
0x336acD6B91a4CE3D71B500f0bf8C8693825a1EB1,0xb8f12ba8bcda5acea8d624beebb8c88799651c8267f4654bd721c48d95875448,WhitelistUser599,0
0x7fa15Bc0796715bA84570d4A54F3a36099AC3E29,0x2fa7e633d6a91e676b82f5590c4ae6dd4399ff9204f2f8f669de606b1ac2eb78,WhitelistUser600,0
0xafd8f4adB93D1E2EEd700fFa557476adE04E1DB5,0xaa49de00930abf8e238f6c2617a5a6f75309e0186cd030052d0cbcbf85437f2e,WhitelistUser601,0
0x1f3D98f683Fe24d03a64ef62c8Ff1eB0A83D045D,0x48a95c326cc164b8b5b8b805d157de6090c9b64f60b2f83e56df1100d9ed0887,WhitelistUser602,0
0x38D7C961E3D61981a78fA5E19086E709ee10D214,0x8026ddcd2d91a9b49c77d203979b0df8d35bf952fe4c865f07fa475adc4dfd71,WhitelistUser603,0
0x3a9c856937Ed2E99cfb277E8b8002F52F76EE570,0x1d341c3e24fd96cf6030196f8efb06a3974fee68fce4ae79f29aadba98c7a0c0,WhitelistUser604,0
0x0AA74B6c1b591E79E56E0816569AEE7Eadd8B2aD,0x6f2822d1a47651f520a7be9a6b9a7bf07220b2976a0e63def0dd20ea901b19f7,WhitelistUser605,0
0x52Da627B0F4228195498a7b7E443a3539B6f9881,0x3f2e3277b882049d6503003b296ed9496ec58df3be2d8e587e519d1e0709c112,WhitelistUser606,0
0x58AbcFBA14339e5eb000b45cbC30Bfa054fff0EE,0x595625ab1c409fdfdf3283bab2c12a2a343ac7b496282c7bacc6214fb2a63606,WhitelistUser607,0
0x5ab809e110A8Ef887d410B29AB91FAE335A054dE,0x85939cc4b66a7605992f9b897090b0740ab487718a94cfbe16f2ae9b4bf81df5,WhitelistUser608,0
0xE9FfD992B06b15BC36AF4C08d684CACEB923b347,0x4c95f8498ec51d0dc475dc789c2e72a6475ba8098313ecce4ccf430c8c661656,WhitelistUser609,0
0x3756637fD405cD3d699d3f050978D73b8FA6c981,0x623f4282250c01c07a1eb5ea61dec83b02510ecafa28ebb17fa45ca09fb6c5bb,WhitelistUser610,0
0xf4134B4d28a2A4Da1E09eD131ED534c3D7Ab568b,0x766883f8cc66b4d4dfbdfd0bddc8d362da90559a5c4286dbe71b361135656b21,WhitelistUser611,0
0xCaBAcACEFC0d2e3A5440D9e6A8bDb686520513ea,0x6de2a6005c057ad6fa98dcfd2cec063c9ee5206a3acf5a6934e35dea79f2ec25,WhitelistUser612,0
0xD3c1Db82D7a0b28D31EeC789f16Fd18352390086,0x9b06b59ac52e4a6dc3d292b59dd75f3d4e6991dfc3c65250257b473bc3d9f988,WhitelistUser613,0
0x5a87F878e3811A0145e13cbA4a57474F02360e05,0xa494bdabf1c53550ecbe7ccc0846cbebe2505455769e6e48c5294380c0301de2,WhitelistUser614,0
0x9DB9247A2bfAA129a41a9a630244286a1B1f9FF9,0x0d2f698fb80e90d646f8bd76dd1df83cbbea257a35c2f95c5621b2fce9a935df,WhitelistUser615,0
0x9e86c6FAF9cc9895B92eD6C46D3988356b5D4fE2,0x57dd2f7d980b167e6035dcdec441480063090e357f6b667bcf9842f1bc6a1e53,WhitelistUser616,0
0x239aE583BEB43121547eC805FE8d787D276421d3,0x59584c25a508351690879886a868917e3d3afb235da16860895911eed8d31e10,WhitelistUser617,0
0x57af65e6Daad1D5F1A2f559Cac1eb725046175Db,0x8b13daef88f6a158f106c5f24c7fc136ea49251a4befb21a91effbc7bcc0b25b,WhitelistUser618,0
0x9Cc23215AC57Bfcb9337184E61Bf9F918DAac600,0x068a55dcdcb02215fecb1a58d17d05a46e046840eb655e02083006a342e438fc,WhitelistUser619,0
0x3C69747dc93ADaf7BDC866a598C5226795Eb77b5,0x9d1faaafdd49eedf435d3d0763e1a9f7705f6a880194c4f81ff13d56bbcee7f6,WhitelistUser620,0
0x1572e3cCcA3baF452Ab6294a93125BE5556FbD51,0x439003179310310afcf6de8453bf90c4035362f5f11ad44c28f502265140db2e,WhitelistUser621,0
0x0FbEe62473a3d4ca1a7D3780830D048F05F9c3D3,0x0e690d163705cc0ee23dc4495057197b309f2e6800719cdbe97e45373388f755,WhitelistUser622,0
0x1f5D87013A9E42dF0172522F003235961375d5cF,0x7b230ab2203951e0612608631051de31487b628cb3ff7b2cca0b710eb2e6469b,WhitelistUser623,0
0x3FC04785ae98dF32594f77A5520EBFB500Ae0CCB,0x6b1cf7be9520ab882e353fc0d14846cb06debc1db0f97910e5d31f4f1b92227b,WhitelistUser624,0
0x38Fc47dfC46103847C986e2967c50afBA58D82A3,0x8a5c3088d3e2e67a12a79ea7b9ccc77ff66fa7fb51c9beebc5fa50d0ec89ce8d,WhitelistUser625,0
0x3E678584ec8D57C2EeAae92f3049fFe936dE96C3,0x1781883fe599f3ab150104798a42f2910d65a6238c885d72445236454d5b4917,WhitelistUser626,0
0x5C159629414361780De2A4dDF210197b8cB045b9,0x86dca7cf0af9cc29e81858c2c5485908e577658bc9cea915b0597b32379641b5,WhitelistUser627,0
0x82108073A7e4d7890EB810D4698914E856C6D963,0xde163e2ef76181970d9e62ec60753e4a3eccb81e49bc37a022172d8fc1370a21,WhitelistUser628,0
0x57C9E16325Db39acB8227aca1b88777fC18fE5a4,0x4862a3d1e2a7cd90f2989291d3274a1699805c897f4d20a2332ef93ec75b7828,WhitelistUser629,0
0xB821aB2c60AA6e31537315E4870b93a659D5e082,0x8b9336c4ad15c78394faabcae293b3adf102da399b1762dd36a30d3ffbd17011,WhitelistUser630,0
0x5138D1F5303bA8aDCd3dF91A46F146F7d660944F,0x656f459027dc1648beb27ab90eeed2bd13a95b3106d704fcf36268eeeef12615,WhitelistUser631,0
0xBA883bE6144b0C0F23427863526Af9ea53f433ae,0x4657f762271aff58e8e79747dc3f83cec68f930377178cbbad52c3bfa4fbf081,WhitelistUser632,0
0x8E2dC956f87CABA10c208CAf0d3818E9efB3B8e4,0x38d37489339383babb42f9a33b5fba3ea5e09d6c222445c912ee7d10bd05d1b9,WhitelistUser633,0
0xff27310E6A07Ee2924cBdC431Aff83b87e08925c,0x8e7648a2682c8e466a092b9bd107df26784883da7d8c13d497bd482374c91deb,WhitelistUser634,0
0xa86723d1F104C408c10cc774bb2cf032453b85Ad,0xa5a6b20250a4774d2d45b6306b0c7406ff155f67a8b4518287285bd94d09633b,WhitelistUser635,0
0xBb14622933038A6dB8aE715170b26347e518A64A,0xa03ffb03f62aee582e62db8510d871a06a1f1d7bf401b360270ffe3c9b2b6c6e,WhitelistUser636,0
0x4bC6D3087009e2162A7a5A654CCCBbf33b94e4d8,0xa047cce546b2f3e38d1230309e305c444cff3f09eb6be3fa0db49b7afd838f8e,WhitelistUser637,0
0x9ee5B33F46f8D4C1d40B34D45ef3f88e98c1ba0f,0xba328dd8e8525b3383560a5dfedab8d31ade9a765d4382b527a17a3f5658745c,WhitelistUser638,0
0x16650cC48bd5022d9835864Fa0b4430a27852618,0x0e7084d199fbedcd06691a37ec59adeaa68ff7ac4afdcea1dfd0c701f0d3bde6,WhitelistUser639,0
0x04A77d2bEd7CaFFf841C9B3eF8732863C485Ee6A,0x409c73bcce03d5ae420de11668e8d96365c060d7726a0e038418828e65276d58,WhitelistUser640,0
0x301F8BC60dC2886e3488f52444Fc8537E5F47ccf,0xe6852ea3850d420d662fe1030ab0a7d0d2e28fc11e30450ed4e374f83191a48d,WhitelistUser641,0
0xD3F0Daea25FCB54b9253ee830fec25F1167d6F98,0x0815f07b65e2500aaa9da0398e2dccbf81043eb24466349ba9e8a3ceb9a5ba1f,WhitelistUser642,0
0xCb44496CFAD973C374D08Ab1CD569514FDB15F0b,0xa5818114145291d9227577bad274643b7b11cde1abe02a20a58c0d2367c7984a,WhitelistUser643,0
0xa552e08ca97Fb8deF041Ce8780da40cDB0F494F9,0x3f6fc3a783f3117a6f225f438c2176adbdce774704e690af1b8e6d14b1832bfc,WhitelistUser644,0
0x505BeA896a468E6E98B81604AE62877097c8479f,0xd6d7ad8135b9d28b1a24bb13569974fef0799c1239a454a608756720af6794a2,WhitelistUser645,0
0xd0d837800B7245a90e04CE623E0Ca7bd4D3b9424,0x402eaa9c1999bac313027479a5a414d739fb76e332f4b0274c1e3eadd838bb67,WhitelistUser646,0
0x61f572375bb633f4F5A21feFb4c2F8efc1B0aa13,0x9c1ba2773e9050c9946e454cd2bfcc95a174707d582bd535c814568e9852693e,WhitelistUser647,0
0xE1bdafC0e85b6f708EdEFEb6d4e6f7349adC2AD5,0xb62e1b716ece355a201444f5e99f7e8e8f03cf1a3d37405ae58cfdbdc4d1fc7a,WhitelistUser648,0
0x4D0db3EF6708c5DEF7E8894a792fCf2771Ac9C34,0x9a72ae38383b012d3e12c72c3e728f9e25bfc1e17dbd84fa6dcaf057b839f947,WhitelistUser649,0
0xA697596fA3dAC8491BA529Bc1F641Eb7CdDF343A,0x992e01a39e6e3b04c46b6ee650581c00d1885028d2678370fc0e8061341487f5,WhitelistUser650,0
0x80fEA87Ac4E466eb2EfDF32eA51bCb6a9247c13f,0x2109906b0832665bf2290fb00a11c61b9f2cf4b598932e22e95cbf0500477942,WhitelistUser651,0
0x911E278af55933d47bEe85D3f695d3294a7e189d,0xea141ce4446063e5755f4bc5c36bebba039ce78c71bf87ae92b5976a1887b439,WhitelistUser652,0
0xf519fBD0Ba7eb84Be3880afF8277FD75C7Af3d15,0x266067d9cfa1188e9c8f503fd48ecdbcf270bf5d3c0d421f2aa9692b105f61c8,WhitelistUser653,0
0xCA537137D35152B0e6c25DdcADe9A1c87746CBD1,0x96753fb172937f3b9da913c3f1c11334baf3a6c1aeeceae868ab8f037ab6e332,WhitelistUser654,0
0xd605234D5C4C667F6dEfF730A32e9D86888E7294,0x8f0c0c77de92db37cd0db2007f573841cdd673381fed27cbb42139a2c43a10bf,WhitelistUser655,0
0xA0073F5AF2deA91411b5988eAFFe4c9feC7Ca6F7,0xa0a16ef7a986787913668915021c785fb337527442d394c3ea0a93dfd7bb4c10,WhitelistUser656,0
0xfe459051CCF74Bf24da26F7BfF3CD8E683e05b9b,0xec2a181ea339336727a5f4101ec3f5c9027e85893f39c1281d66ca032c57131e,WhitelistUser657,0
0xC9B16B6E6b9827F9ccE8c38A177E7C52130A7722,0x15fbbe77bcfbaec6f27bb08da557c6fd8f8d81b1528f6db9a196b7eb98f35ea8,WhitelistUser658,0
0x1a1f9aBd706a32F7Be942b65D394861f54848262,0x5b6ade043693f477f34ed7fbb093769690600fe18fa2059b8d45a1d71abb6b0a,WhitelistUser659,0
0x3294a5E73384E1BcddC86AE56533446Ad11FBFaA,0x5d8056148fff71ecb848f88db4715e08475ff7c90c1a2a137eb27466311ce0d4,WhitelistUser660,0
0x1ff7578e0CF6Fba50c43B943Ea51fA13b46a7073,0xd17eea4caf1bf241f082e8bb0889b8db33f42e70334a6f5eec53dc05dfe3388e,WhitelistUser661,0
0xd371b24C9677d1577f68FEE26863BA23675aCca9,0x07aa89b938ed441c47a68761c1eec40c072640c2a89062e98bee4795e688a309,WhitelistUser662,0
0xAfD70a5C41A013536008EfBe38917f5fFBc6C47C,0x20fa13caf394705982fe7f46475f514fcd29e1b87ee9782a99bd2b205fc6e0e6,WhitelistUser663,0
0x91d9E5851bF9F3Fd1661708E0384C23DED3f2b91,0x8df31c7ffcb570274a8f079d9163b2bf889dff7b74194987be544f664239931f,WhitelistUser664,0
0x241d655F1b31FcAaC06eB0730A739bb9C4D51b78,0xccd95fbebb1148331701dc49e895d397e2c20968644009a689d27d1950a14b69,WhitelistUser665,0
0x5D4AD7e96311ef461df0a3EC3Ba8Bc103E1Cc815,0x6e53034931c2c2d6f60a3dffbe854045869ee6c28ed66157747373ea35b7136b,WhitelistUser666,0
0x014Fd7Abba06878E71481D49EEeEC817d36A20Fc,0x034a095d58a60062a41f1d665c15d9f3fedbefaad14cbe0fe3e600b232eba0e7,WhitelistUser667,0
0x05ACD5Bd35b976de782da894943060913941fAe3,0xb9aa47a98c94c15b8589d5d18eba4d7ef382df8652c9b64a5f383b58e1bdbdd0,WhitelistUser668,0
0xeDf5964A8efebb477762D37f7687bDA2151a98C7,0xf8a2d959aff9089c6a0f6c473ce2411a307c6a8b323127d0f4c4f5a6445ef216,WhitelistUser669,0
0x926D3EcF5992fE7c0D1F9554dfF65008E49587D0,0x789d17d6360bf74125beeb9742a299ef3ba29147bcab91cc86fffc2489c54a3e,WhitelistUser670,0
0xBE1e44b1B6da78fc820c0078856Ad55DC64467Da,0x219ed88571875eb4046e29aca21ebe48cf7b4d7fc316c791195825c329eb1a7d,WhitelistUser671,0
0xfc75BDc7c7421cba52e96CF5f66E156a0e90Efb8,0xd6da18ee03e6857fc94b379bf67de16dd22e99f20e4742306d98afef3ddf42f8,WhitelistUser672,0
0x1D1b44ad133dEAB11f028CD4389C1930D1E092E4,0xf3040b15bfcbc7af38b625304bb32d2a5d3bcc96e5942fee20128ff50b1a202c,WhitelistUser673,0
0x8CDa7daDA13177850D8B4F391d085aB69E24D966,0x9aa3797072fae15963529e0539e02f1e483f5b41083f6e16d0017bdee614b2d2,WhitelistUser674,0
0xd661C2000a4FaDdE9090C212C308b5aEF95D7eb7,0x2421a3170a5596788f3fdd57e98abcf2b34c680926bde4dd4548ac5a57b9e661,WhitelistUser675,0
0x05B414EECB45140Ecbb8AC414a7612E8aFAF5759,0x3d19a9ae065cd48451f803b609825b6dedaf4969c6cd0e21c2f60608946e9660,WhitelistUser676,0
0x6393A865E7da6B954874e9bb8d883c15F77ece09,0x06f3b006af71093e9d3bf6d3a6819f3a498ad99337ea481f9270da889975eee8,WhitelistUser677,0
0x0b76Af60Cb1E13bB16E2DE475c52138e73A14E21,0xc6a10aea4476fd1ca3766092479b7e396605b997b0cc9c6376d5e708d34b80ba,WhitelistUser678,0
0x475a2695593f930A350CbeC017f50aF91d200eA9,0x698e0fd946ae4bd384eb1c42cabbf572a4c5896d675bb7ddba6e6ef776334b3c,WhitelistUser679,0
0xf975B5E2faE4887CC573F1307FD1E821F73EBB63,0x45a6e5e846f3a34555d1c0b97d9f33e6c3333a987bf842a70b550e3dd67478c0,WhitelistUser680,0
0x6cEDcD716Ff7E59c3c0625c84c4bc45254Eb8119,0x360d635d30349e7de322dd60b741993d4ea8f6c94c077c5c58093c696e82372c,WhitelistUser681,0
0xB50FcB442063739291A517E542E375aE662aAD8a,0x5a92a1cfc42b2fbacf28f09b38e33e44d4aacd69b04f02636e3bd4d3fc66e110,WhitelistUser682,0
0xe6B1D0ad855AC2845D8b815E2b8C445F3A472405,0xc229e2c4aec322a84d528111f359633fc45cd8b32586c74c3e0ae96a1f0bf025,WhitelistUser683,0
0x274264211576F1663CcFc73ae528A0d0750d9779,0xaa479811c8cb87d9c8a8973e8a3b98eefdd26a2017b84f738a69cc168ebd40fa,WhitelistUser684,0
0x87479064245cbAe02E3b485374f15ac5377d7fA0,0x75d16e9add22554bf536d6cbab4da108f02e7d5776db155df2a5898431111353,WhitelistUser685,0
0x7Fa6f3E258B41fd24aEFd881692DBA1AC48BE5C8,0x7b8d1c41906bd4efc57d43a2598f8c29869c83955988ca917c6c4422676b4040,WhitelistUser686,0
0x1F91cD1484A304A6831Ed348a705aa53134004F6,0x8711bacd1b537bb5c2f3eb46a37b4abe5d4d5aaf95691b06a6a0fe868b163922,WhitelistUser687,0
0x534F711f85b67D12f86BDF1aB5B96Ea20fb24c86,0xfedd6c9386cec9870f607c89e8e3adfd2d12e8efb8343aec2df5d55fb15b818f,WhitelistUser688,0
0xFb3CA1D8930f19D1C831a6310D7891EB2fA8ea3B,0xec223ebcafe1d9ca1c49f6771376d8ae7c6a2e4d0a6be481c14f07eaff5267d8,WhitelistUser689,0
0xf714d072D9C1F9102A49F25464A16326d99D2D91,0x785d03da66f2c8c289fd8970219a7ed3aa9c928b92075e601a5ff75ef444715c,WhitelistUser690,0
0xB1271C3907086af7207b621D69b82AaE2abAcB95,0x4fadd31b51b4462e35d9684d210ad3956533030d1afd60228b5343ed41a1adc3,WhitelistUser691,0
0x44649edDB4be777d728690D906389De0DdEDC184,0x1648f88d61130b5836cf5e76439f289b6f21061ebd76696e571de87451da90f4,WhitelistUser692,0
0x8C9bB367974eC7603cF1779C9494D20e70644C2B,0x4fdffca2e1c3c05f03111627d394e90b44bbcc8590d40094ffd00d2d0ea70478,WhitelistUser693,0
0xA8DB439980548F69F14624Eb5D200BDb35aa0e83,0xedf08b9357232d1e3e7ec3fcc3689f358dfb5efb2b1b4488c3d20866997c91a5,WhitelistUser694,0
0xb67a96db3F3055b2aDa9764187dcAE67cDC7669D,0x9a5d8a019994e700c2fc81d6d8009adb513cb0e44bf72eadb8cade2d50d39375,WhitelistUser695,0
0x5Fbb69F27fd3ba9120D1C55C16078E725aF39395,0x5ff6665d26eef4c8de55ddb5e3b51d2c427133e09cdfb69da6bff61f6f867e6b,WhitelistUser696,0
0xfF201F7437ef13D0fB9Da3230BdeeC3EE19DA096,0xba0319eed51896431f17b3b4e993ff9da4ea20669650e802bf84e539fd34a188,WhitelistUser697,0
0xfaDe13c9BfA75405D15CAeC36225c01D412e1c17,0xf1b58ec15cc0646538561b612c2fe42a776fc4ea34fdd1234a65347ba6b7ab52,WhitelistUser698,0
0xcc43f72579B71c5f1d8fae3EFAE051d9c2A30C81,0xe1ce314c13467f6b1bb8e69f941f1e641ad5601b94e81862b307a264a464c871,WhitelistUser699,0
0xD02E7bcA6e67C5683d4c52b842b1641372Ae8787,0xfe167549ba6c8060b1c3d74a33b5549030d82f900f24dfa71527e6f143234539,WhitelistUser700,0
0x3c6824EB90894a950Eba94203a00c191DDBA69b9,0x062f3828167b0ccb823ddcbec5d8caa2f00228243e59867637f1d6d4f8ee6c17,WhitelistUser701,0
0x11216336C9bD1F5439c36c0fc9C323dD0E761A09,0xf02a9d4bcb045be472a1d60ce3b2196482d798871755bbba4f9aa41842276cb0,WhitelistUser702,0
0x2c7169429bFC5df768835Bf8246De05e6DB71043,0x4d88c18806f70e757d3d1a9e5cca2358a61a5f1a89c3823ad8d7d12154d38d18,WhitelistUser703,0
0x6f5560bEb250Ff1f187438bB1564bBE842b67FD7,0x15a0262c004df331e1a70365ad8cb18c01258d1926f1477c2637488b51f36b20,WhitelistUser704,0
0xB2eCF69CB1E69cfD8058A8c55E0db8F887216933,0x2da52d6d53761f2852f019cf85804e08c7f89d14191a6ba7e903d2286bd4150f,WhitelistUser705,0
0x0e487dD3E7C3Cbd5352593c9561392176a1c9C04,0x48fa077dd8eb8afa86507beca9d5abe0a34730607eff8c3c41361d4ac14db4ea,WhitelistUser706,0
0x575aE75aDFbFb283Dc71B43bA88100bA3ca19e31,0x3636775c4d0a8a8f81ef1cef37a4a86d918b6aa46c1087f72ab2e49ae46926a4,WhitelistUser707,0
0xbA81D85f1F613bE6e4bEf60d472c29550C463e82,0x66e27ff15cfffbc10d54d793502341887dcdd1ce2dcfc68b89af9df2a11eeb11,WhitelistUser708,0
0x518C6BEC3685A72612921EB0AB0CD2835671C20a,0xcb340b60333053225fd9f3db2c6a7e71bcf9fbff2e2b4274fa716dcb4524e1c6,WhitelistUser709,0
0x23d8282110a66eC2950D1946836022fEee8e99B7,0xd8901d42592575db36dc6daae8bf7c6ddd1d32c8552b09d26e2f5bc474e8b1ce,WhitelistUser710,0
0xA75e54df4a933a0f26ACe787fAcC46F6CD45b2ed,0xbe49608c72acb65d3cb63b86027510d5a55f5eab6aaf7459839719dc60c94dec,WhitelistUser711,0
0x2964a409b8dC09eacc6d400421b8F12C81FD24c5,0x2369c60dfa3857d50bacd0e0c937cbcfc594b5c96fdc3dc6c71b578ecaaec414,WhitelistUser712,0
0x893219884359B3a96Cc8320DEDEb7AACb5755A05,0xb840bdbe445cb130a00e628fb4df9d4d2605591c4f7e24d63e132bcd668e3f00,WhitelistUser713,0
0x66cbB4883CeaD4D7cEB251A3577f232D0238b9A7,0x083f33ee4254e7acba416c8736af20b397982a16ce0532dd7c691b9f153cbbda,WhitelistUser714,0
0xA97dF74144db9C515b797cC53142C5159A05DeFA,0x43d40e888764cdc83db826c0e1b06dbdb332023a781388f5120aa5ed83a4f56b,WhitelistUser715,0
0x4Af7155D8147c5Ec21eE3D91391a3325f115734B,0x069e82c21397ecddb8058ef7a897805a4b3a88e4cb11215cd44c00dc6ed08492,WhitelistUser716,0
0x07c789618a2B90Bbe9d864D0E7bCc32643b4c33C,0xe317d7e080088d2b0068409ec2020bb3c88754fc0ead566b1939cfacdf61cc9e,WhitelistUser717,0
0x23FF14445c536559459212F70278ADd0fcfBdBf4,0x51a4f6923638c47aa387aea3f466e6e56ad134ff133baf96d4268ff2b84ab194,WhitelistUser718,0
0x85B41b040781CFdc1953d89217ceFd62FFaF7D1e,0xee4ef83d41bef17d6af899eb41b5e87c8c173d1561ea0d161a526c06fab27177,WhitelistUser719,0
0xCCF0c1f1097951e93d9C07f1fC0405244A015744,0x1f4b68d8cc8aa75ab88cea53c4540e56949455ba964088a14eed43d5ecb5ae0b,WhitelistUser720,0
0xdd5237FeA39565BDd393de20b5Ea30E7FCAcE40C,0xcf594e9be8fa7cfdb1bafa650c6d981786499b609ff4de64a4e25b16c4a2b246,WhitelistUser721,0
0x21b354926C120ebd880a2CdB5746E7b917b07552,0xfd059d31b112d374e2b6c53bb2945566dd5e0eea81c5efc26c173bdfb4dd2a38,WhitelistUser722,0
0x56F387AC560dbCe28DEc01462E85D1500dc6c1b7,0x90cb640287436df48c6ecab09b8e4ffd696755174202fe3172656d6336c6b9d6,WhitelistUser723,0
0xdb8A809383b6FC50D438F6B116575fdED77084e2,0x8befa551f33cceb948b6ab640b0df1f1c2b2fc4b0d049f1f9246e6811be73510,WhitelistUser724,0
0x67fce257f04cE200872bD65825018B6ddd74e418,0x7f0720ccc7b0c3a447b64fc1960c3835bc3a2579fa83592a6fe2be478f27bfa7,WhitelistUser725,0
0xfdd89020CF9b19E7B41b60CE5EFed3901B6BBA57,0x3b581a9c93786cfcbedc3fbf5377fe5d9a59f2a88971c9c50c8d9ac5e86e1a61,WhitelistUser726,0
0x3951E7e82dd057eB219A46950B34AE0f118cb060,0x9ec8801497859bfa4733290381507e20af6b8fd2ecea434df8b8b0312fb1f093,WhitelistUser727,0
0x6db997de9e9919329E3f1d995D434FDBd4D81B66,0x70705db116761e19e77f0ef2ee7d6fc26a5901048daaaf5ebfe7aa62e88e2614,WhitelistUser728,0
0xA0C41c1b56C5d86e2e5cC9762723a29d881FfbC2,0x4554f25a756c21fabc02ea3980367d695dff28b5cdc53e35dcdbfda3f33a2257,WhitelistUser729,0
0x4406D897292dcA9086e554DDB3FeD7F99Abe5322,0x8e8d6d1d697ed23d541a2be5c6974bf9f367bf3b4659fb97e1a49a5364e62bcb,WhitelistUser730,0
0x8661FCfF8dfC64469C8286d1b4Aa9F641BA180db,0xee2cf3fc53c90c55c6470a35d62b8524eb34ef9200174ba1946e7b37d1787113,WhitelistUser731,0
0xBc06B68042405E5a0f484fa31dD3E3bEe5e2718A,0x920e008e0157256b7c2c50e395dc8fe330a9e2b01aa3e080e3a89112fa2bd260,WhitelistUser732,0
0x61377d025C342c37AD31A088Dc08159Fb43933A2,0xa19c704f4a8ac8e2a8409e5613eb70bd3ca0642e0f9f94ce6961dcccafb5e194,WhitelistUser733,0
0xfb8BB6Df1710e7007800b04DE6C7514C7eE0b74b,0x0d86d168111059d1043b183ae4ca25da814df8c5ceb507cfd5b43ac601131047,WhitelistUser734,0
0xd115501bfa5DDcAefE1d5B41a00405b19f63F0F1,0xc559bb81b19348c9864e0f3a7e053db6ae5a86456168bf3cb0d047f39877fda4,WhitelistUser735,0
0x9608A55D0866a55C73424dc398cAa15C169Df21C,0xaeec3a56ef8aa75c41ecc77c0e095d90a027061f1a0c0062093424477d1da613,WhitelistUser736,0
0x477a25e4F155b523CB36f46Faf7BDc3d070d2E2f,0xf34053bfc93dec1492d4418df95e9334676746b7b1e16b9a8609f2067ef32402,WhitelistUser737,0
0xC62DE4F936181fD21d3ef8564D4264DCB9bf142f,0x2a8fb7e72a07dd40cd9520e1d7f971f2c7542d9188bb060f1388c2311a5cfcdc,WhitelistUser738,0
0xF793b5E0d8D6C87c955076E9B2e1973F0C3a6487,0xbc3d0e280230bc83fa7288f11a908c261f550fe30e0b625a6c7df297a2f7de57,WhitelistUser739,0
0xbFf3e37D258B44F74a2DF8D65dD2B1bCBe2fE844,0x60d5e1236d8f75379139de8332720557a4142be3d285d53c6e325168c71b8119,WhitelistUser740,0
0x7388c43f6f68e2E95513f69Bc20B3f073A4bC523,0xe57f0d014d4249b93f460b06abd71d2422bc441da41fc1ffc329ebf930da0e82,WhitelistUser741,0
0x6D223474a8Aa8356583126338a17be8a44ee70a3,0x0b1c6ef86b4ce03105e1bd2928dfc6a78646f4b561791a365b4113233f3e2185,WhitelistUser742,0
0x0106936CE53DcD575843a13971499EB4f8155950,0x8989fc4a9d0e32f7b208373e5a3ac602dfc9ef9bb20e74f7b473541d3dcc847b,WhitelistUser743,0
0x7Fb172fc0dD3D209BD2Dc89801090f7B7fA15740,0x3793dde039e830370268fd5d2712cfea91c49fe82afd4c8fe64e95074237bf13,WhitelistUser744,0
0xc9fFed6417F2Fd3964e039dcCb962e2943028035,0xdc78e2d35eac4f0ef1e300ec195688cb775907682907fcd327f03d676dbf6549,WhitelistUser745,0
0x264ED60Aa17b7cBa17E388633a166f75C4C823ea,0x07d8c63d6a7a178e387eaa743f2963057f9e92b2744288d8c4e2eac46e7fe063,WhitelistUser746,0
0xE59B01b2d50154B2511E8E9E0bfd6d75e6bd34f8,0xd4d0adb34ec45d871d4eca02ffcd6efbc68cd936d3040cff56e01e89d18d8d73,WhitelistUser747,0
0x0A5B4AcE54D3B60bD30D9E67C7a4EDD47A3ba5fd,0xfd74409345aeeaa31f48940341b75be863335443af22cbf0ff266cfaad49f8db,WhitelistUser748,0
0xb9709dFC5f17380FC0c52eCa456c894bf609fA69,0xf88b5bac26522c86473d98bd96e7b04522842fc0522fd86e956e6754bf1039d8,WhitelistUser749,0
0x77ACE226309e305E8Eb07F128a6EC0D6Ff31Be11,0x2f7314a50e7cf5d20be98964cd821b9c32f061cdd0a4ceb6e7a721f152814e62,WhitelistUser750,0
0x085E50cE11ad5a084f20d12aE0105B9e9b9b84e0,0x37adfdf32f6b66baef7688bc90f6a60e3842aa02c94b6d730e5b39a0182d977d,WhitelistUser751,0
0x4c8C0ab9C1f4D749880068925670E0287142A0a3,0x2fece42f03cd0cc66bfb01179bdef1708719db5f65565cf30950cd66d9704aad,WhitelistUser752,0
0x52cc8F3271D63198BEC1D4bAa967b4E4C4130d47,0xf34fedc99a783a3d2688d41fce4881c80cc035fadedd44a118800878cfc8b6e7,WhitelistUser753,0
0x568b7780B680E968Bf35c61ea06F355e5Cc61169,0x6f1088f756e8decad02c4cff8d369f3a857ae55ec7c213f50300e46f9409cb3e,WhitelistUser754,0
0x3F31256B53dA883E95Ddf792DEc133E01873afeD,0x5a6de1513ed78d41db0140db7fe120fef12e10ca274b766ff7b44008dd90ca09,WhitelistUser755,0
0x4F96b950B7A852CC0427472320BdbFbd0B4A82A1,0xb88de56a3fd4df1c21ec5fb39339b433e7fb4c46674a1afbdfabcf4c41fb206b,WhitelistUser756,0
0x803bFc79eD7b44f94aAD35e99365041CBec0bEf6,0x6857336761becaf8d039684960ddb7b8a6f11882b81876660d89f80ad73c83e1,WhitelistUser757,0
0x3A4Fdb5b9b15B42B54822A096B51B8BA85fc052e,0x4943fafe03f6ef916baa54087f74824bf43ce8eb08d1fb642259c274b6dcd991,WhitelistUser758,0
0x6a9612FFC7F743d8642c27f55A93293044D8c199,0xb4a4809d9b3c7f2cfaa05747dd21ec343f9669d249da99b63fd1c42fdcdd4aca,WhitelistUser759,0
0x42DD70dFA5b2dEdB7df6c62ecAB894b24e9b29b9,0xa72e7a58d5bf0e9caaca0219210bcaf2e41fd03e9e7b8fb1731752f42ec9e8e2,WhitelistUser760,0
0x6FA114188E86Af59c983Eda633A4aE7cFc04329F,0xa8aac9863032ddb6edfec119d6c9f2fdee7133856183013a5e8fdfb251ed0630,WhitelistUser761,0
0x461ABEFe03735e864E2025a64BF6e7Ca7337f62f,0x7d6d3c46ca3b8fe91788cc73e1fc183b1822e50bd3509257cc1d07e507702137,WhitelistUser762,0
0x35F18335E85FBf62e86D5514930203078D16915e,0x4c4b4436045dc7c226c3e47de4641aca27e502ef70a49638ea50b51cc8801ab7,WhitelistUser763,0
0x7a4C7DdB26C535BF59e9C26620ad441B647bF20c,0x72524bca5995c79f9a980ecf07165bb8b58ebf7a5160f733314cd4ec98683681,WhitelistUser764,0
0xd18D22Bc1f548C61380cC24E6cbc720def419B73,0xdfba4c6bd3efca345976777ee462c0ddb1debf19648f778029e8f7ad614b4f31,WhitelistUser765,0
0x7720909B524C00B565A12d983532C752Ac1d2d96,0x82de0440e698161530104a9ebaaf889a3a268f5e426df07a895e7f027764161c,WhitelistUser766,0
0x2581C0Fed0B527A6e156EbDb9a2b7aF0BD585c7c,0x7efd3b5a7e08cc9b547de841c9c4ad59c6732ce6393bccb024e616bd6de46cfb,WhitelistUser767,0
0x8C41A784569aA452630f5FD12Dd4Df13708b3A64,0x9465f9b85e5919b17b237cf296287f975d1eac3b41ae23e1637ccb172a7435c8,WhitelistUser768,0
0xf1A81D94A0619D18DC701c99A3b36199C2BF184F,0xd195648089bbecc12696cd729b10256aea3844b476aea1a9ebd3da44340e917d,WhitelistUser769,0
0x7eD98BaAa57D20cc00E768F56982697634f020dd,0xf1fb988017efb5daf8a973472cfa173868faf936d3ce72801ae16955964a0f55,WhitelistUser770,0
0x638FA03Ea989bd965fD7DF1c51a7b859004363F3,0x87c36e671addbf96f4e64fa5fe103684577003d0c595d6ef3c82cdcc90627a25,WhitelistUser771,0
0x6B4c120040DA1a4Ac2356701B28AFEE63B5a6bE3,0xdae5d160f4d81296bd4b96d6f93a658d18d6ca830dc2aad360b837e38262dad5,WhitelistUser772,0
0x400CC43d29C8D81684F5b6d6c05CeADbE892b4f6,0xa071d214ac788f3a4c67a8be2e99a4cd90784ef17e9822fb9e50d56d30d47b5d,WhitelistUser773,0
0x202050e4747d154102d38494f858b895bD58f2D1,0x6a55af596eebf465ddf0112a4b3a15256c7a4355388f93a403c0370c49f5e399,WhitelistUser774,0
0x0Bba7c2BAd9940BC9496988b8BA9C6a38159fBcF,0x270cdc80db46e878052540732cc67f0b62043c136ee65f3bec593ba60ef76bb9,WhitelistUser775,0
0x818F3dCC2e21D76be2eD4AfcD00A32a07766Fc7E,0x78c0e0951cc3e7c69987e6869580440ae7cbad5456d6f19808b2ba98e03a0563,WhitelistUser776,0
0x7CFC6244E13DaBE936cE59629038087FcbB8C1e5,0x187922f2fe47131b268ef83be7fc888a3bc416ded26fb0e35eeea53523ad0b90,WhitelistUser777,0
0xA968A2C6c19183360CD41e0AdC9A52026CFc6a1A,0x1b5b6372a3717886e02203664d994cc078fdba892c2697c0e5805306d921b88b,WhitelistUser778,0
0xF90Ac6ce4F282bf7FB98e3DbF86F8b19Ef6c270F,0x169029eb290355156dbc699adcf8d83647cc7cd6ce5129cb20d66504424ad942,WhitelistUser779,0
0xa3444bD14Aa71805256d77617dE6236436CFb074,0xa2773d77e8e3b0cdce8c26fc2863149df5354154479232500832a71a6304321f,WhitelistUser780,0
0x39b606A86DB79Bd2cda8c403Ac1E9a66aBAE5288,0x03cb2df4884f4c5c6516680646cd284d77561d534f93e16fb9053d545afe63ca,WhitelistUser781,0
0x0F945Baa26E97558110235632c5f90df33b4b59D,0x6b79fdbc438a4dcdc3a68b88f7fda32ee45f50c7d2f5683011fd94c8b52ba7cf,WhitelistUser782,0
0xE7F3033540BBd6523dA635AD42c516CeD326Ea53,0x3e2c64feea7b88987b9c497a8e19f8432508ac7a076e8d8410abd467fc0ecf8d,WhitelistUser783,0
0xd445E9CF1e3C5724CF6FFec8C2E31b5463B2C0bB,0xbef4d4e772c73cdd4216a34bdce153b38abee65bb559576c48145fcad746d9fd,WhitelistUser784,0
0x671e67CD7ec8D07C3e51Ab55b0Fc41c8647dBA09,0x00c255954dbd5fcf62a7f8f44047265955070549b6bfb6092bffc5d10f0dc796,WhitelistUser785,0
0x37cDb0cc42c12dA3b30e8d287ECd0C98b5c21522,0x7047b9d751753dd8535c5775af486c5a9ccd1b495c39574d828a320386b4c955,WhitelistUser786,0
0x06BB44191C3936d9fa657be003B3C8394e8590Bc,0x48565cbb562f825a0a197ec43c9cffbf0f54951ebe71095308e9f6acfbd284c5,WhitelistUser787,0
0x7cc78Ff393d38d5eD86458f11038D31339fC0A45,0x66c2ace2037d68e8c4e531ee63a0fe075e892e5a254cde3142eaed8d2a488f92,WhitelistUser788,0
0xDA61814A144f0D2C41BA2e93aC45f2829c531f7b,0xf61f478720578a4cc06e077b026a0e9fcb53fca8b3c5d5f71d9036f4b92349f8,WhitelistUser789,0
0x877F20E29F6B7e7C868707E30C878eE44096dC23,0x741109c8433195441b19e7c52fe70d45634b996d52973821d24291ec0b6a5995,WhitelistUser790,0
0x34AdDB84f4553Eb470e91a3427E87b3D51fa41A5,0x8d3d74ee212bc98c525cc766784b4f3f8744aef9d355599c4067d7d13669f688,WhitelistUser791,0
0x26CEA7D49AF8559220A7F990d287e55E55DcE7be,0xfdbe1e8d44f3761199bf08195e03f444bee1468b74fa88481a56d0a9182f0055,WhitelistUser792,0
0x970eB681D23f9bB03AE5b21F559B5045B9502041,0x3dec57a71bc37a36f7fc9fd3a7f193c127439ef796803bd7e799440ee88c6d79,WhitelistUser793,0
0xb443F38581b1492a392a9F268105c5f34c47f848,0x6bd6de3a73729bad95ee34efc44fd71be76d5e4fe087b5ca88d1ed22ff3e69d3,WhitelistUser794,0
0x350199330A73136EA82eD69a59daCB92347baC52,0xb4fa7121a09c03ac632c9cd3d49de5d2d91b6c135f4a9391dc239d3f1a501330,WhitelistUser795,0
0x188A966F522Da0cBA173e43419A69e5446DA64ee,0xe77c75ad8af0f333b36deff546fa4c492447470b35de810635c26f71681421b2,WhitelistUser796,0
0xA07AFcb4eB858B5114BbB22a4Dd54054cc454FA6,0x85ae5b9b1ba9c29ddedceac9c96e3a3876cc31205b626627306edc113bcdb49d,WhitelistUser797,0
0xd5D775acDc32D9e5b29B61783f260aDd52231d54,0x59be9c2983ad98609e011f7849b6eb160719a319cf09302948ba299100f7ca6b,WhitelistUser798,0
0xe6b0C05890bA4DA0ddB2a38be86E314E966Ee8A2,0xf37a1c3a38ca9d08bd13f43585b3becc1f6ddd2a53b34b7b4997ee760fe589fb,WhitelistUser799,0
0xBE1B8747FcdbA0c5e34345271CdFF02C5d5c21C1,0x4226251409d70a799b960f06a11314d483adfa9d5c009e7421d58bfe4276fc80,WhitelistUser800,0
0xdeAC855027f5b2a189374A4d2EDbe5246A2b8dC8,0x8a359d420e12b3f02d5b79308191b7535f5ceab78570a20f5fb82b8e58cee885,WhitelistUser801,0
0x46f8e75dA3F26C39d18F2d0a5ba6711243936204,0x92daa87a92e3a4508ea9748a74d0271aeb43d680d4f3d18f1d9d4530539c00d4,WhitelistUser802,0
0xf9864DD40565391216d12CCbb4f666D80f4C798f,0xafafd5a359e5e395167b8ab585bae96b1ed6457f7871f109f50221ff54032a3a,WhitelistUser803,0
0x3F02Fe837A47042DfabC50C8B4a6e27950C39490,0xcf140b28c89b98ea914498630a3eea7d322b8cb5694be9d59b35f66339d979bf,WhitelistUser804,0
0xB1eB3cBb3Deeb6Ee6aAB216DF85494381fc6378B,0x91bd59f8be66a8eaaa0d69df4f7e37b3ed057985f85fc4e2d549fc45a4eaf5bb,WhitelistUser805,0
0x73B87bCdB4ebC4ce2d0f8a6680fBeA89c4842491,0xadfecc76bfe92d3ba2f0716abbebf7ae46011332b5529db067fd7f53e594046a,WhitelistUser806,0
0x8ee6f8635408316d19e86B6A9a24fcD409d00222,0x1adbe60bd11e17c4249025f6e40a27577fab0d5f8911df740c8f6f84ff8a144c,WhitelistUser807,0
0xF783ff170b971794393C795B8CCf0A2CE543b149,0x52a2151d6c558e79712d057533d8f571d233e9ec2bbb464d1674f12d2553b3ce,WhitelistUser808,0
0x5700Ea2DD05cFE025cfA3051a5bAF6EFc65C0963,0x27556126cd214df8d0e4b9577cd6306bb7c00138525654cbb54c9ef1aac64bbf,WhitelistUser809,0
0xcf37660e6D6922f28b9E60FE5a929e587d126A1E,0x543f931babee1cfe53f9911e5f658c461406a34ee27e091d4ddf64cc796899df,WhitelistUser810,0
0x6AB27D0Ac717B77FdC5C3f673EB690529BcBF091,0xe5a303790a5641157e199a9f5245c9e838b9b5546eeacfc3928c23c85f369959,WhitelistUser811,0
0x3bE9b151A986e62249Cbc3BF6E75461847618006,0x27044556681d2cb935e881dd6f7ae5bcb122c988d94940a293ac9f75e1ac06f3,WhitelistUser812,0
0x896013D32d4307C7A9d885118E17140Ea598a942,0x536adc5c8e11699cc55556511fbf91bf6f0beec1a09842df044f5a9eaf88ece9,WhitelistUser813,0
0xBc4d2c5806C0eB70bE38eb50d81B83a6bBB000eA,0x284db8d381a2934e914ac533642fbc10e8188d2436eb453e88bf91b728907a25,WhitelistUser814,0
0x7D3fAd521fFb6E54415b225D9743f138508440F0,0x8bef7de4ef5274252db1b60ac764a14a5c5276229f830040924c0d63182e0385,WhitelistUser815,0
0xAc21B229CB2f91BE305b3B2867f109144F3117e1,0x95c3bf7ef9265408c562d46fadc9fa464c6fc81b3b5f2fa7aaf68b2aca70b410,WhitelistUser816,0
0x86CD00D1A8ac36D91E12f8F6eD9a42202aE2a576,0x5c4c56e13663b9333ef713a402c9446a793187bed8be226a9dc6047c626d1fc1,WhitelistUser817,0
0xbdF679BC1669a8D29f1C9569fbfE665b9454894b,0xc34ac6fb248bdd34e84183b9b1d1b899e928d7649d36dced6dfef598925a3d04,WhitelistUser818,0
0xE33550e8828A1B27eE1a0cbad008f6585827143C,0xa73ce2df83b0b584f44a3c64386f8276271bba0a75e297e9035a3ed0ef0eee66,WhitelistUser819,0
0xDdF3a0aadD504f487698040e885Bc66ebBBefA11,0x173d11bf6db6380ad3b696a40a232213e17595d45a0b18d632265337162ef52f,WhitelistUser820,0
0x7B6B1976Cc8Fb6E114C58E090B47E7c98f1FcAAb,0xd1ff71f69cdba5a7f713f9d0e8a8a46275390ebc2b31523e0ae87f9c6d8a7dce,WhitelistUser821,0
0xa0b45e395D1dD5Dc3C9B702e36CEF6Db82C7f159,0x5cfb8ccb809b61391ee47dff5eb38ee6392f640d47d307223b5ba48f5fecfcd9,WhitelistUser822,0
0x2bC1af54B7cCc7337225C4f0752d1D21443BbCF1,0x8cc904ea8af0c1a34b397ca27bc1c614e88fb135d09ecb6bbdb589a5d2f742ea,WhitelistUser823,0
0x9DdeCD8d885E334B307a4427adA88E984b1fedB4,0xcc22f347f72b12ab784b020118dbc2df2484a1287f6fd8363f0c0e00d9105788,WhitelistUser824,0
0x24CD680E4de9293eD906611b01dB155E34502d56,0x53978e291a89567a3939e46b329e6e373371c13dbee1864e0db9bb43b61d1941,WhitelistUser825,0
0x54Cb9434f951BbfB9B34556963503a38D9577bCd,0x0374163cf9e063281fd545d3726b7bfbc615351b1d030957915197691e7b10be,WhitelistUser826,0
0xC9Ca92e0AC83b5c3A942bA1812722c49B4a481a5,0x811a1daca3c08c657c9f8a237d04f48ad2726d606fc9c69e06687ba3070b25bb,WhitelistUser827,0
0x0d156106966a66F5b48670DfBDB586F63fC8D129,0x4e532363f2d46fb2dc3470a056b34c41f3f3263778552b8c7f7758e409532b0e,WhitelistUser828,0
0x9D449f28CB08bCAD77D17dB094b96808F8D97e88,0x748b72d2e19ee3205a89f5d5a110ec4c19b039ef11e983441a759e4c79dcefee,WhitelistUser829,0
0x308249A8Cd7DA2743550d4d29744C48E7269a3a7,0xe5b563cc0c902b12635ab6c9886050dcb2d57712c212746a4199b14fd2ba7a8c,WhitelistUser830,0
0x5045a13A5141032333c600739E6BAd355C8aF06E,0xb93379385c6c095c2f6084164cefd63480310e9c605b0c37453e729777d6d868,WhitelistUser831,0
0x4bAEe7f9430aBEc12797947A73ABB248e553338F,0x07fef6b6b9a68d3516e9a656e614ad9e4a4c10c14d88947c6ccf4c1c062705df,WhitelistUser832,0
0xe2B6746e96dacC02953CAbFF7bf34Bf018F59f46,0x683554e3eb531025f4c89df63265a24fde7d986cab34415be3316362c135175a,WhitelistUser833,0
0x822E2543C8E68112229AE5c59c3126f166C97607,0xdad5a075881761190d259ac6f5d90b1f27af7533993d113a555ee1eaf6e94115,WhitelistUser834,0
0x3284E5A63BC79486f3144230e31554EBD5D02367,0x5655c0a5f1ef16dbf8a92fab0e5032edb3d8efc58bda2759c0237bf048d3c01c,WhitelistUser835,0
0xAf6b33fFC34f314C617255792E99C2BcF7cEc1dA,0xc91a2094f3c7caddb23d8044643eece9affda016f1df351da83ced64323b7f29,WhitelistUser836,0
0xd570f91940c5bFF0288FD7a22Ea94FD7a92FBe69,0xf69580e401d295b9c3d65e0d8aa65d3e290df3ec6b07d479857f0d10b20bcb58,WhitelistUser837,0
0xC93e299861893f3739b71575670D8c7562985b74,0x863f9e0a6b1e24e065e732fca76309b462fa2aee8a49a9c8c3b69c89677bbad6,WhitelistUser838,0
0xE110dF0c69B2Da2B4eF6c28Be9025c33232A8065,0x03691e4063f5a9ab9540f2a311e2e924bd298801d14e02c443c5adf49745bbc5,WhitelistUser839,0
0xb1191a165BbDF28BFfcC17d5385F0387638ff591,0x7b4505e3bd1df73585a61366a35c8d17df860c0b25b314493a4ec73ac3708f8b,WhitelistUser840,0
0xF388f7c9c7E73052f52B936329183bEcfAbB750a,0x767e2d0fbc7b54805bc667594e12c0b6ef8199b0f2b00496cd7c7cc1393072a2,WhitelistUser841,0
0x591CF1Ee0Db38B9dED499785f1953B72A634b316,0xf17bbc365e5dfe9189ff39e443d092ad6e7ebde3ef41646e467779ebd28a63d0,WhitelistUser842,0
0x454Ba3F6E7dF25C82cB8A51794b154C2d1234B94,0xdb9cffd742f53f0217264ef1489d6b23ea6bf6ab6097abbf96636ebb282bdf56,WhitelistUser843,0
0x040c2cB25E570Dba821b647A021ffAf5c36Af168,0x8f936b42489c801f0875cf31a6f45571b6e34d5e9205f0be2836b83b2822bf73,WhitelistUser844,0
0xc8aA16536f47431472E4FD6AA837090ecbaF3dB7,0xafabae2b343b7869bad57d075319a6dfff89860488669bafe2515e50a2065dc8,WhitelistUser845,0
0x8BAB68482E7fCda0E23edfa45fdC25a0D5DAA234,0xb2645a08939f982a6266970005a2153b8ef99841d611a93210b276a663ce119b,WhitelistUser846,0
0x6F923f406aBf124289fda9586Cd351FeB7dba006,0xd2bd1f944fd58877db4d5c3fbd279a152063b58f6c5871acc988abb0cab0685b,WhitelistUser847,0
0x824A3bE1b125D854cA22161eD9E0b502563426db,0xb937e485c77afef3dfb5d0e1d30e3de32d9d96127807a9cbfc5acd62b92e2ab1,WhitelistUser848,0
0x33dDe556D1746A6f5aa89a27800BDd1795FC3e37,0x2ddc595bf52faa4edce144179104b785b8ac7f78d6d49b6c50d17b62370d72be,WhitelistUser849,0
0x095B8E61a451115A565e4C3FD16291AE579635cA,0xff833b9f52715a7ede2c0717914ab14521f01fa5db8ec1a4668d3d73fd289571,WhitelistUser850,0
0xEd9BB5abc409134d36D79Ec33452A96303414Ec7,0x7867c366ff670938f5233e823ab4b6accc52487ae8cb4c58dba485c1da5e729c,WhitelistUser851,0
0x69562C3387bd3B884493616698dAE78d7B2387f6,0x6241d7dfb588cbfdc360f6124b55ee618bac9a0cc40504f4aa179532d2677f8a,WhitelistUser852,0
0xd5ECAd4f387fC73dd77e4B977a079654C52805c8,0xf04514141dd55051b5d59eaed04cbc88070fe392b098e48bbe5505b0754b5251,WhitelistUser853,0
0xBEEedD8f6B999180Cf8763F803665c2dE49e9b3f,0x6d67d04db3ab27e0771538a1c82043f81ccc56a07769dc590889f7166ef2178f,WhitelistUser854,0
0xf47341b354B37dC75EACbd8A116a805b04dc7E68,0x286a0870e5e0c656eb3e03f4a268d31a889063130ae644b7eafcf841fd4ad982,WhitelistUser855,0
0x8f754C944E7FECa2fa3f350A1804714138aee889,0xa926982197758879a1d9983f960c7fd4a014f493280349069776f6d1249d83fb,WhitelistUser856,0
0xA6902B604582bE6Ff171E0Eab80F5733DF2b1A9E,0x299087332aba3451b70c4a347026e0be8c664c4f892c156d93e13d3a328df7b8,WhitelistUser857,0
0x0bc4DA240132380F8Ed64cD46104913eF582F903,0xcfc612a8ff7746b9729845b2973445e775cc42a2933f360a8b4419b4bfc16063,WhitelistUser858,0
0xD5374E4D66147A273Fa9F1FE8b19Bd6555A61280,0x4101fa055ab5097f0e9a5526ab4c5591b8373214706d2a5eebabb368c08cf2ef,WhitelistUser859,0
0x561f8356Dd65EdF496B582B084adCbB78CB5e9a1,0x06b2b13b8be711263aa5cbbcd875a73947ca2115b2074c2e1e151041c7452171,WhitelistUser860,0
0x21B079575F415bCBD7B5ef5765Fcb20abc203481,0x004e2bac534532a0252be61f69b14e4578698838874e821174acf398cc7c7313,WhitelistUser861,0
0xC8eBd45023027202536b761aC6e0FcBa4B640416,0xfbd1c3ab96bff8f9c1195dd4938556def29de6829b161c9fe1b40d704e3352f7,WhitelistUser862,0
0xDacBE5a6467fC916C05160e350DF56Cd6feC025F,0xb343b6c960755965d213b8405989fe488ebab7a9a8246f54dd9caad83aaf90a0,WhitelistUser863,0
0x96095e1899f94c85b5187c1e289A0392e0643c1C,0x497e952c77d471fea05da3d4225ac7d2396fc65e51e80669ff50d1c4e759c8b7,WhitelistUser864,0
0x862D485AeF2745494e67cAaFF0198Ec29031c47E,0x72c824c6be79488324932224c25bc92f20e17bb31527ec7323af891e286b78e1,WhitelistUser865,0
0x61B2D49dE29A82Fb02CdDD2657aede97A43d7f9c,0xbd49331a5a9afd5645704bc663c4cc6120ee5a1a0e7f47a5e8b65e06cfdf7bb9,WhitelistUser866,0
0x51E95b35b974a36b5665cB6Fb3AA559739025937,0x38139a4ba5e4a515e6a64e9c54943dd8e6c78d8586429cb91fe7c1f0ceb148e6,WhitelistUser867,0
0x3bBd309fc934Ef9ad444F55a8a2fDb9183D11ecb,0xc8c73f4654c62610718ba92a1121f0447dd48705d0c5fa16cfb99d95355b2d4c,WhitelistUser868,0
0x72857978225247A83BfD77D84aF310C43C463f8a,0xe066a98da6f982a861f1f23f46ceb8154138bb3832e3da31d66b445d70ee864e,WhitelistUser869,0
0x03F407E0ab8f9be988Fd3966dc72364A015d1628,0x0e838db79e196e41b38cb8521cf19af4680fd8b0ffb4a270c31bfa56aa645981,WhitelistUser870,0
0x6d7dac98A757E9fE598d1c42c4A3F5AEf46AF46e,0xbf4963df643201d4335ab0d760f44d91e40f78e1642d8099a2e4af77b418373e,WhitelistUser871,0
0x84e7B5dFF5dEf5d47bD84667b5c7e59F540cAa0E,0x5fe5c76092affa8ba1f40aee8c16379b8e48e81e69f1eedeee00e26389cd76f7,WhitelistUser872,0
0xd3D01cAfd6B6E1aD8153e0292f7930eb9594D081,0xfe78c5e531e7b8c2f11dd7d62a7ed23fd778d6a053c13afe310271914c4c795e,WhitelistUser873,0
0x6ea84CB48959e5954994BAc06a60219B0119a0FA,0x61c71f25f3505477918e49073dd15fb6008090739109535e1fb3804a4ea2d2b0,WhitelistUser874,0
0x9403D6d69a59172C06e3e3bFBC2D5ae371ea604D,0xa769ff4bc056fff1fe31c6487588c7cec21506942b001904ac148d0a865f3201,WhitelistUser875,0
0x9A6f623EB6592e9Acf845b7C57505d3C56be2d77,0xd5725fa45828016b5d27823d2d8f9b62c4ed5e662ef7a49876d75173bdb70ca0,WhitelistUser876,0
0x4dC0a1175d33f343986B8635a2606ac81916238E,0xa877b6ebb4009005f957b04ce122d86ac27c094b572ed69f40918935e20f4582,WhitelistUser877,0
0x814D593F9Eb2f08603C153ec332C8233AD86E7Ec,0x97d3d6fe7c6b37584cfb1ab20ade042144195a85137d4809084da5b089658a4b,WhitelistUser878,0
0x82a4a9a094a209b21a40216097CAE27cC06faa10,0x9e0906bc00bc39f430a7200832cb42b146841da15f5e526c098d341a3a653188,WhitelistUser879,0
0x8106B783449398ff65545EAA0dBbCeC325bABA2a,0x6d8abb7bb33e22e1a5ea4798fbaa04a1b704e49fb5a11eb26681cf6c3374c409,WhitelistUser880,0
0xb05c8b3d5aA208651c68d6AE709DD1Dd8265fCe0,0xdadfd97b2990d45e90f68f54150138352039ade50a9db744e30638f3d79e3c31,WhitelistUser881,0
0x9A72A19B1D5ba1f4B07a1BE6172cF11eD84F0AFD,0xe0edcecc67be7da1bfbde517a2243848ed76fca80222ff714c7f82f1d4f121f3,WhitelistUser882,0
0xba02e99e067c41e85243c1Cf09E28689c3CB9592,0x6f2b0e9369518ca192ab547f811fdd817e87f05086747c00e41ff6df0cb16266,WhitelistUser883,0
0x7046a59A73241C488b5B739d6c51a8510aE602c0,0x7a29548e0857421befa3bfa3847e32fcd77317287c3f7577f36c0f5dd845ef07,WhitelistUser884,0
0x6fC36b922075c776e7B21312b7793c5536A3C598,0xd25e5e9c01474dbeec569a292240c249cf606a9881a7a6d3d651b8fc8a80aecd,WhitelistUser885,0
0xb22e674e287B191c933EDDFa7cd78C31348CCcDf,0xa02b0ee654b900e07c5830fced07673de4fb295464341d7b7da891464efd4359,WhitelistUser886,0
0x74353E7cF36359b5593861Ec149401Ad107AD6A0,0xf09585924bc59a363a41196945fdaa08ba18cac78daa244dc4b0207b6b0a14b4,WhitelistUser887,0
0xFEb3ef7E79778B1502725d1E368D13519b826871,0xa3c70518b4cc1c395b4fa11f3df78b23ceb25f23e6de4a20774eb718e285bbf8,WhitelistUser888,0
0x5AaE3992D09b66605F1e0d403F67dcb56354cb53,0xab1fb47a498b4d07b10857911cd2b644896dbb3b1e1a51268ca74911ef09c9a4,WhitelistUser889,0
0x04c13744590EF3B58b462A94a3CAd96549E0D33b,0xfeef8e4d0129c56634ea1d9f2727165ca153171d324ca3dbba12c543203debc7,WhitelistUser890,0
0xcF1B455f022eeA0fD17f4cf4fFE6c936F79cbAb6,0x55c56f66fbb68fa4516dfd2d7b4dfc607960de83c71a6be04cb93318f57d9738,WhitelistUser891,0
0xb6E071bc4d50b7a553fE9D5a219f625D4e79C414,0xa2ad565ade350f927dae0884c23c00b3724d959736299759b7412e3f3d14b1a1,WhitelistUser892,0
0xAb48d7728941dc6b065D0f74c648F0794C86A0b2,0xf219af346918a557a2222b940654f8f1de0152753c601d99ba3b61517fc56902,WhitelistUser893,0
0x8B404e7705ceaA4E71E5A273CBb6C0cD42f297D1,0xe2e1d40bc6ee410894ca345bbb57dc51f2a91a77547b61ce16f26b003d8da8f7,WhitelistUser894,0
0xFfEAB5EEcb63C175dc028436025DF01A9916dFaC,0x88a93f6c5b92b8b7bee3a40bcb255e2db5f2319bbd5c382f75741ae86fb2421c,WhitelistUser895,0
0x0d6D46218bD98bDf264bCaD7b763B0418FdD50e0,0xd2d57c926cd754c8eee05a84e5d40086d11f9ed9ceef345222a53f1a9aa55b70,WhitelistUser896,0
0x8b52a8cfDC56E550B0827a824B8B2F57C4419437,0xd9aecf83eba9bc0affca9814db0ff19fa9f9109656faaa5c8bce13e7b2f1ebbd,WhitelistUser897,0
0x90341D407B31eE7159aaDaA3996ccDFD4033dDA1,0x7b7fc624c6189657982a18bf19e6ac7eb2aad1c5e30e2543fa14a80e79f0834b,WhitelistUser898,0
0x6500381A6EcDE297b89d5075d46FA5fDeDe9A58C,0xb80f5f3f35d51f1eab3b4d067cd50c27098edaa48b33ce26843a9e343306204a,WhitelistUser899,0
0x148fB0D5DA40D027922d97cD47a0ABfE30E5F74D,0xda5fea5327644dd94d7429e3a4ee89daa80e4626c72d2f9dfddc3356b2448cdf,WhitelistUser900,0
0xe5253d426bCA395F33fdA57F56CE8019918b21c5,0xe8aedae554c17adeda01d0758416644589d8327455e4e0d522d4498b547e9691,WhitelistUser901,0
0x965eD8a9d337E858E0f3e8F69dA4166a2BCAe61c,0x5c1aa6429740e996d4ba65d06774554be7f003e4a3251e945bbfb592c31316ae,WhitelistUser902,0
0x6c1a4d765c0eA9dC05C4771fF0F9E80dE4D6Fe7a,0x58f05dcc453b890132488401f2f1798c3b274e10237cc52aa56b35cfaea16022,WhitelistUser903,0
0xc5261C682CE0D91Bd731fC02c9c04Fa66Ac0d56A,0x2fdee8686df0fa0af72e41b17fd213b9fce31e0b9d55e91785b175f86e85195d,WhitelistUser904,0
0x291FfB356005FB3CCF7dc6bA096167A8D24e04Ca,0xcfdf70e7fae64be720f2b8964b65834e1687d0f01f26215e6fc653beaa82df25,WhitelistUser905,0
0x7cabD6b0Cc32E7F0a5B6d7bC7Bc2aa034190ECfA,0x5544b6f465a7d7a0f4ed5f55c829e854d72587c6a4108925e5f8c2e4c4d88749,WhitelistUser906,0
0x0A46d81A0311647A1BdADe49bA3E24B0C1317cEC,0x98839a13a0afdb2c02ba4b720820a6167a636f8d59f8d80a1b26c49d3082dfd3,WhitelistUser907,0
0x81b0a9A39B81dFAD3b24d1Ff3E173C60e78D0f89,0xafda1d76c94b1e380da7aa9921823fc12228b02bc5587899174fd9f379feb80a,WhitelistUser908,0
0x89B72f3eB11a971D3F309df15bB034B4C0259D08,0xc0e3c651ad80d174342baab7dbaef2d935a19c53c70df4406437c57f5f5b4193,WhitelistUser909,0
0xdADD36787F273eFeD5943193AEc1Bc5a2D9Be200,0xac6d1ad9344994b3b5cf03197d2ede72853656d86a1467c27e10b05058cb72af,WhitelistUser910,0
0x8cE7d4A479d7CA0797566Cfa014F966150899Dbd,0x7f2484d0f8670d24b8602f27bb5a23d9ac6b2e4f666e89f58f913ea9a712b4d5,WhitelistUser911,0
0xB8913f772286b7f83a923bDdF1a3eD69CCfDa1Ad,0x08715497388f19dff549980186da8d8f520458cf06dd26542f01f0098706e024,WhitelistUser912,0
0x8f1B26D728339218A882846Efe98f27453e98Db3,0xb2d4b6a1890b1e45ecd480eb3ab22d2126964b2899cb1bc75b1b188d776add33,WhitelistUser913,0
0xc8Eb449D8C90F68b89FD4B5c6d644dCc24c461AF,0x9fdb4169872d520af8c7377c6de42715f897baa696e447ec24fa117af99354b5,WhitelistUser914,0
0x74a683FE1851200068A8D55310aca2be1a0eDaec,0xc0420ae8da64943e33bbb4ad4ffcc405f9f361caa8be96e4a1ccf07c8c991deb,WhitelistUser915,0
0x90783Fd10B49fcb5A9982014D98D0cA68c753C05,0xa0c44a7e9f445e9fc0e1a4779e16d6eed3565d1e2e557be949ab7739afb15e9e,WhitelistUser916,0
0x62e2AAAe6608F9Fa38CC6Af74c274De5b0C76d94,0x2a1974343d6fada19c9a1bc488d040ea2e61f7c7df4e7e2b99b4aa950338e7b5,WhitelistUser917,0
0x6CAf059fd032971009F85b4341c687aa0e0957cd,0x709b75b9d260063ecc9d49d5361911dd6529c7071724980e6416a4b9a1806ff5,WhitelistUser918,0
0xd5f8A58148EBcf0BAd7368059a544B78E86A3421,0x9bc1c616da31e866d2fb2fe5d69486e01553afed0354af2cb177ddefa1e60342,WhitelistUser919,0
0x756233ec6E35bBAd07b5a544A2929342E46A0Fa4,0x7ee4fb375104cdcbc1adca84fb21be2d1f1ced503c1e2948f3a9dd603a858560,WhitelistUser920,0
0x78f5AddaBa2154A6b33E0A58fb672E047cB70653,0x273d1bbf910c57fa55ea46548ce3645001a24a8e675c9d44536faa17daeaafc9,WhitelistUser921,0
0x5103FC1b5Ba36F71A1524D0A741E3c96f67631Ca,0x3a4bfee1ce799666671ba05eaa46ffc70dd14d949837ee8d352d13da552b886f,WhitelistUser922,0
0xEe19b2DBcFb505C7c4b514194C430E950a932B8e,0x0954858e90912ae919a912878b14e2b72ecda7c5d46b6dc546286a057d789a05,WhitelistUser923,0
0x821032509fA3172e6f3e990047EE96C93c33F1E5,0xbdd6d586b96dd10b1158dbcfcda06ef580194f188b10342b052b7b0a0478616d,WhitelistUser924,0
0x0f530587e5cb048F1AD056C7945F74C9c7438738,0xa1651c418a84057908a61d8ead239c952891ce07bb1689f805ee3e7ebb4f8596,WhitelistUser925,0
0x2a833c7b70895f08766156869C8dFc35daeF53Af,0x7dc4b521977db14c1cdde1c82a5f8d3955f4e4d78d936751ce6a9b25760c8a9b,WhitelistUser926,0
0xe8A05539d04Aef0244C532896f844c376ED3CdaF,0xb1604151a9ff1eba1d638bd52356e9b8eafd612a6fa3a591457789f9543c1594,WhitelistUser927,0
0x5e02a6Ae23185def0987CE0D7014F4dB87B5c2a6,0x3dad37cb5383c473952b6fc5b4807ce7b4ed1076297502c532aafb170d91c413,WhitelistUser928,0
0x990E884345dC5A5b7B9BF6616034e9FD60971447,0x04d81a3f71d2931e5992202c02d6df792a67e3e6318ff9f5f99a20084796eb9b,WhitelistUser929,0
0x87544B8B203bBBcCc35606cE849bD279F566DA5c,0xb3c7321417e36049a51a7cf8627f9ee149d0384fca9a06bf34de70d75d0ca671,WhitelistUser930,0
0x42C40017549c8395EE5Bc6dA19520055f51a5E77,0x8c8092e86ffcd19da14a0441ff3618c41a69b78fe327ddfff9d5045cab17867e,WhitelistUser931,0
0xAf404B6C3A244A3f86B6B41306ccF1999a69e47a,0x2fc77fa7f3a4dec6e6e87ae7b47ec11d1d95d1f86cbe9a4e3fcea7a6343b23e8,WhitelistUser932,0
0x92dC1239Ba1fE089d6eE1407Ba17B300AC2ce968,0x76dff2df4142024035f325ca9a2a0ad6b3a9529f99dd1f4a6e2140de4783b2e4,WhitelistUser933,0
0x39CBd571D4208E3FC1ebE42BaA81CEE6725BF02C,0x374325f1cb09f5d36da922637095015684980f52eb1f9f80c5f3978fd8250ebf,WhitelistUser934,0
0x39Cb77b311a60cB03643b26aa504a831B91A43BD,0x818d26710283ba358b8c5df2fcf85e5d85f80a9ce0ab8b05be820ce45318c30e,WhitelistUser935,0
0xaec1701ddF6216FcAB9cf7bE70e241988E659870,0xea8757618c2b97275071d94e10d50b312623f283657f307da68de6c06fe9e671,WhitelistUser936,0
0xD8b663F55Ea80Efe1484210916692bBa1c311DD4,0xeac7c0c57bb0b00b7c9056871cd18daf4e4f949aa17d7a2e932ff284e598f609,WhitelistUser937,0
0xdDC67F824C5cd133B82dCAF4240983a39Cf67332,0xff075cde000b74b24ec8db25bb882dec7e63fa327528f530337c0dfae47dcbab,WhitelistUser938,0
0xA9A2c0904ad491892ad64dcDa4082735D5cec8Bb,0x7af7ea45e6ca85a857f0a85ec7366286414d54315b86aaac51a5dd68b78e2ecd,WhitelistUser939,0
0x9cE34bb548D8F0cA1C5dF2c5009De4b99EebB1C7,0x0e1c7a85ee5fe98c30f8ce6da2d8b5cc0132c8b96ff0fa6498a2582760c7fea0,WhitelistUser940,0
0xFE02635Ad961eeDe5FB032b7389D68Bc27aFe899,0x9958216c98a20b64955b909636d9ff4a13c2d7a149cb3ebddb6d4e1d43508684,WhitelistUser941,0
0x9F363b4992deA5cfB1d2428E28bc81b018E9F60A,0x2796b2ebd90bcef05af36a0817a7bb4e4687ee7d2bb0aec399328b679914566a,WhitelistUser942,0
0x681359d0C0Ac0B18B68461C434d17384F660299d,0xd5e14096ec1b8fd2ad340441908ced209837e6ec2781b5e8309290b403ad9a7c,WhitelistUser943,0
0x6008642b5EbE2D0063e712739F01Fe6A79676cEF,0xaeef3e7cdbe76ccaeee04e9bfb200fa19d96bc1234ac6616317af16e9d8af318,WhitelistUser944,0
0xd65B604a5D446A9F0d36D33B4f15516c10A30dE5,0x97ceca8b44bd76b0ce203b0c7c36f0cad6c70345378f13450c151096565d3612,WhitelistUser945,0
0xf988dA0CdAEd3Aa8C7aD72Cc68A60D8586Aa3f62,0x7c4dae7f942eecff961ec3e420f1eea2356ddd0d68b00d3198d6a95f76c893da,WhitelistUser946,0
0x45F25e628c05434056516A7d4FFF0EF948be3BA9,0x88563ba001002a4f2d10f45c3a90fd36e1adb37c2e4f26b3be47b77f57fdb568,WhitelistUser947,0
0x212cE22ec465CD3F930E8643bC3F3472e34899d4,0x557e82d1d2505dc3de5258ae3bba5a1434b081533e7868beaf989ec1bf2c80d1,WhitelistUser948,0
0x63Ce2d7B02FB2C57add51AFBcfcc68B259e01717,0xaea2665e1e2a632d248fc17c95b533fec28760a98e816fde133bde3d8d5d8d77,WhitelistUser949,0
0xE650352C9f7ede28F4bBa84ce37913DB8319eA16,0x85e432bbd411412a9e967af3844b099a310656c208f066344c1611565d3ce2c1,WhitelistUser950,0
0xb6447D099B1D4944dA5eB6Da7aF2AF4f0DCF6fED,0xc0917a39fecd2db400afc36a5632363afa73367299d523f711e14f45d82c663c,WhitelistUser951,0
0xeb7a0c809B1f1827cdACcEED9c5478654950b082,0xbdfc2d60c37163f7ce62e9ea2fcad190802105c2aed451c30f74647f61656ba0,WhitelistUser952,0
0x4B5270C334178596AB9a2A53e03272479DA55C60,0x4feabc8a88b92b514e5a2fccfc7a9872a08cc18ab7beb414b8878b7fad548666,WhitelistUser953,0
0xD53BEda58ca78888eDA33B6F5B2a294356a96119,0x81dd30f03ce7ec524aba7393fda6f815cf9ded6fae3109990842958e1814f616,WhitelistUser954,0
0x67c203a0Ad62c8d90abe14198277fd2E1e99DB64,0x06554ac99efa33a3446e6a5706f3424a53f3c0c8231ea1898809103008070fcc,WhitelistUser955,0
0x3c284670F0a7c12383bE1989A8E914db3aa4116f,0xf34fce2b675e41cf3f876e310d6a4b6138295e32cd60bbb28ae87754761d63ce,WhitelistUser956,0
0x539Adc6c5d0f7B84ecae507C8722105cE95fCA91,0x803cb4c47f6bf89480274350908e19a7a00334bf46dfa8219edd9726e2132200,WhitelistUser957,0
0xF0857e73136c79aDe3124Ab1E5DEfDC5c941bb88,0xd8709926e45871741413a3e7714d9bbd5eae2bb90ca70cbeaeb230011a2399c3,WhitelistUser958,0
0x4fB56ba7DDFcf6bA451d1FC2A980C83E638A357B,0x33994b549068501d71d3e397c9bb74dfb215f0e64e357009cbb0bf137048f07c,WhitelistUser959,0
0x4ed09bF20e62bcff3CABbC7F09dcE9a522c030C4,0x7a6f736344c41fe4b48f33402a70224a3b7d5fd053dd72f95c15965cc771c974,WhitelistUser960,0
0x78Db0144F813f64e818c1DB6DAbdfC9e456cbE24,0xdb27ada45565012d681ae8ba9638e9a5ea52d0d602a3bb4eca5fd2b712537cca,WhitelistUser961,0
0x67a0492a1e7cfCfF14d5297553385098778171eB,0xd1b64c8f784ffdf9f853a1c56578d481087c8d54c48e8228b061e5596fdf3e1f,WhitelistUser962,0
0xbCf13f36933D03ed8627e5E39097F11903D46f39,0x7c7c5da97f39883855633c5fc36d6e6ab7ec6b8f1f4a9981ba5f6a8c6d0f74ab,WhitelistUser963,0
0x8BB94f32E2d29f2BE4df8cdD83bbCDF0d98B4b4d,0x2486f040f5031224cfe30ca10332bde992a9ae0ccc3895481cad9533d952c2ec,WhitelistUser964,0
0xf83482F48fFB588Cc8656a977F5eBFEeb9076799,0x426b6ce3d5d7b1486717e2d6373003275ceafb620f2dff5220f88e4df1db4285,WhitelistUser965,0
0xa79DCED722C3853d5DFd7FF4aC6eD211ac8947dE,0xf037a44db3c42fc09ab9058c41b543d8f0dc4a53349ab40f75074ea76afab920,WhitelistUser966,0
0x86aE02bce725C8be8b5797EeABF0CEae94177AD7,0x3262aca810f372b08ebfd6a2a7f6215698a14f8a046e9516a6fba517007e21b1,WhitelistUser967,0
0x6b42026e770917FcE90950778760b6c1e9BBD6a1,0xbae7022670a483af01c1ea642f862164d33c7a2c4fd3fd8ea63295be6294e5b7,WhitelistUser968,0
0x66041fd8D37A898A9ade891FbaC35ff44CC3444C,0xc473d6b80481c4620c0911e32836341a673aa3fd2f8d9613943d146105427c48,WhitelistUser969,0
0xCacE31b5083d35EFCA906c44c10DABe912992378,0x30fe5fb78a30d9fa4953dfa7db0359bf5ae961478bdf13e9b06bbfa0287aa44a,WhitelistUser970,0
0xD8Fd40902AeCc964769787e7df1A92A4deB4C2ae,0xeb6756275988c7cb82eca2dda1bf4155db5f19ee231c8e4293ac1e7574734160,WhitelistUser971,0
0xD2491463de424570636208537e533EB38915413d,0xcf1b5eac1ca6992df37d01df28740c82a1ab40f17c507e2f36264fb7dbea72ca,WhitelistUser972,0
0x1ECB0CC9B418e78cE84fDFDC58f6400A58D577b2,0x39aca578c123ebf54ad8b0045f12c69501d8f5e0d65b48dce1cb65f20a2e2887,WhitelistUser973,0
0xd4F220251bb4F5B4e770AA925943A1188d04D207,0x43fc1dd572bf7ef70b68713d492a3481464ece4494ec3bf1897e8b7994490eda,WhitelistUser974,0
0xcc8ECCB7368374D529954df1ffab74A476d43426,0xbb7c38a68fef1cf648911c1d6a54a83602ccab6277877dc5f55a18a6822bc4ba,WhitelistUser975,0
0x636BDE0eBE8AdEe61963b63287c1481A7354527E,0x54e02a0da562782a203a269f7e8e1508ffe1b55002d17f6aaf0373730c0c058a,WhitelistUser976,0
0x1eB4b0BB2b41E713Cf3cE52B79d5a3fe6105Fa86,0x7703579492e303bc1cbbe8be5d0a690226d5244dcc7de43cb18b08c553cecd40,WhitelistUser977,0
0x66583E060bBDe402377b3B7b86F617C052F31fE3,0x442433cc35810e79f81cf8dff7dbb6c9840200c79e29c30c2319f1705855af07,WhitelistUser978,0
0xb9382fb70c94cdb5CAAF621835de96b7fBB66c6B,0x992e92292876766750cbcc5ff18759c517f6e35dbc65af070d77ef8f7ba7533c,WhitelistUser979,0
0x33C8d4e50Ad29cDD59Ba268966FB15d2DDCD974a,0x65a9962436413573012b3e1f0a0936aded3e92265310d787330b559b6d59ffbf,WhitelistUser980,0
0x07134Fce6BFFD7EB7DeD095730bdac9b0A68691b,0xa2648ca17dcc4de8749fc98fa6a123bf00f272a48de0a863c0bc608280edf0e2,WhitelistUser981,0
0xe6521a05F7FdbACce62E9880EE8aa7a513E710A4,0xabd17f4310baa71d8c201f799a3cf60fa6c67076137392d9303c2e572e7690d4,WhitelistUser982,0
0x9e2585685c19702A96Bc12d80F637b6F2b2624f0,0xd2a3ecaf2692dcfe6b73dadcb4d649ca256be6567deb8d8c9f909a7a13d5752c,WhitelistUser983,0
0x0cA320B3f968A5d534ae1c51460eb87EB13B3ab5,0x6c021d6ba73c8a7ce795fa3a36365b36425207452d495b7eaa484e3f7350874b,WhitelistUser984,0
0x2a19AE973148B74AaE18967e2c8651118a663c47,0x59e96ee2e4b33094ac92f2e657817a46270f2d27242efe126b83c0719c770098,WhitelistUser985,0
0x22a74DB1A3a662fec18826a2Fafa2EbD319C5fe9,0xca44ed44cbc64198ade55504a03b85b849bef59b71270924b8f3ec26f537a038,WhitelistUser986,0
0x66f8c99E3afe13DAFe38590deb7936C3afFF5EC4,0x61c1ca7c5ce0db3d3c0960b87418431d48559c8a7a299936181df66ec717a02c,WhitelistUser987,0
0xD83b89b5f904fd1851677f167f8f649f925242A3,0xb0a39a97e00195af64b3d84fcb8b0d1e53aab0bf87ed9189e5e272f11993d0df,WhitelistUser988,0
0x1f27C4b04D9F00c2eA022A80B51Abb9389660714,0xb58bd9d0da6b4e804bd2e5f7ebb9b72652e400d61a534424bfeb8ce6854da54f,WhitelistUser989,0
0x82cf9A172aF6aa34CEdcb19451D04503a7e3AED8,0x603d0b970667899b05f421b40817d506a8276995913c432e9338927f05afaea4,WhitelistUser990,0
0x283B11847cD2151f045Fa7e5cf0eb5AFC36d4a71,0x9ddc547d7c535ec7012b26a5e20bca3841cd1cc8307d998754cb99c6ccb89d51,WhitelistUser991,0
0x4234Fb70D835f610C1F02bD907050b61968a31D4,0xdebdcf1c699bb1503c67f1fe7b9e3657fbc0c4c156f2484ba5e4d338384a6a2a,WhitelistUser992,0
0xD44fCeCB20bfe8Eca40C668c7d93f09093DEBAC7,0xea769edb9ac48e3ef55b45a550a7f41de98bb9e20c1c9a02687bb5a8926db922,WhitelistUser993,0
0x51107ce64cfB1bC0C59674296E545EB60ccf2897,0x603e3238b9f59dc3f2777569ed1654cdff1294ba13471986ec3fd0e9e752366e,WhitelistUser994,0
0xdB0751393015a34e9C8d1124d5840c3eeCB4Cdfd,0xf61fef6237bf15393e9ffda749bc1e9e01282ba623dc3f319d67b3b596451fd3,WhitelistUser995,0
0x6027D76Ed4370E6adc478154e170DCa189E6D93e,0x8bd97755fa3941b7390716d426cf2500670c716a996c88fdb2647a40bc2dac5f,WhitelistUser996,0
0x467e216f2E2afC0a790b22b3cC70FE7C07C79019,0xb75aef395429433185c4a60cb3a72c68894ddd12a8384016ab484cbe198eff10,WhitelistUser997,0
0x8C49ce3a3C7B284fB52E265F0C85471050b9d2c6,0xa8945f22a5235d484ea4e557a5c6bc5ec3f54e9fb1a717d3e5a3b2d00ef7fe1a,WhitelistUser998,0
0x9987667cED6dda414d97D5AB228D6A147Ef52693,0xd31752384e8a0c7387f6729f9cbb01735cc75c186987fff873b933e8948e7449,WhitelistUser999,0
0xD9429AB9059Dd4DDcE1D243f42E3B5758c366E2b,0x93a4b2245b395d78ff7393b1b7481570fd1baef3dd290a3d626fa40f263f38fc,WhitelistUser1000,0
0x17EA0b4F6C9B95A96B33E7Dd8695f123B9e361A3,0xed84e2cc3fd57ced604394cc37047e0d93edb0431a7a7e80f8f3c04b39b4df11,WhitelistUser1001,0
0xE106ee18D6611faE4654E0d996FD91b7C3a42b37,0x5f19432358037cc2362fa9d89f180c0b4730293c7ac3970ca58ca25405f1afd2,WhitelistUser1002,0
0xC67e7A99E4eBC5A558677bd9a8c6c6ba6cEdAB82,0xc740f2f503583cf120570e05a6f4e344bd0e4aecd070d717233afc71844186a3,WhitelistUser1003,0
0x14C52a50EB8807ea9734Dd2870ccF8D82Ff416bA,0xe88e75169afe483ff2f93d6904a42f4fb09d4dd8b810e464a6f238206c2e9241,WhitelistUser1004,0
0x2469C7bbe0f3B8Dd1D697523C469159bD1e9c626,0xba4348fb75936ca1becce288b0809ded12abe90b2a480b5dc4d211ec386be0ea,WhitelistUser1005,0
0x2749e227185031522B742ab376DC1b07bae88246,0x4a766b144cdeee3392d6c6d99758bf5ca627d4fe7f242c2b13d4a2444216f119,WhitelistUser1006,0
0x8CE5906efd4f5f869aBaDc60a4898dB2e267ddAB,0x245dc02f8aeb48d999c9639e4b31cca62766cdbf5790136c8090e981b6e1495e,WhitelistUser1007,0
0x844ea371F3A21579b716aDa21385d8013092F8A2,0xbbeef21fd86ec8e89ced08686bb71b918a776419e4090dd0189cd80a6ddeab9f,WhitelistUser1008,0
0x85F9Afad8eAB3A1a4C950b2c8C8907B1245F33C4,0x86dac83a062f9ed35cf2d4557f7a26719960ede470c1943d89607af98b582fd7,WhitelistUser1009,0
0xa512851e6Cd99e327853b72Fe1565b930c0498cE,0x96518b2f4a159240de1fe0a9dd1863acb2cff7710030a9ede6def2246ac547da,WhitelistUser1010,0
0x76de9Cdd9A83dD1Cf0A0C45Eb972188c7AD09b17,0x6572ca9e12f1bd226ad4f00d80d0d7adcc7b819cb941136bbce4b2db221826d8,WhitelistUser1011,0
0xaF4154A3a83236EF814e083Ed9BFE1b2c35CC468,0x876aad0804f7d4fac461e04600ba2d0e36142153a60302b859197d6582dbe302,WhitelistUser1012,0
0x5AaBB04d7e4aBE5fba5124b5F9a2B236725F05f0,0x1e97006f2b100d78cfb8b5fbaf1910996b07c992e8bcf6646b5cc86ed29d6254,WhitelistUser1013,0
0x360fA0D2222b934b4aEE41E8cd50b4c830e015D2,0x3fc814b4c862f2db31a1bd2c2f81995e8245a86d5c2833d0fde664f7a2a18308,WhitelistUser1014,0
0x2559DCFC393d57106560450405cD3d6C5Eab2d29,0x1212ef64ed92bc8daafb00b1f5f43d5a60b5cbd55a0aaa44e5bf71b310b1816c,WhitelistUser1015,0
0x866825Da4eAfC941Bf64fc958F9010B1b7D006e2,0x83d23478bcf180cdfd0a618641c129224967a78dc1b3dc0850f8fa4c79215da9,WhitelistUser1016,0
0xEDBF20eb92DD0040A23bDBa69E88FB0Cb366053C,0xbe204ea2c21bfe560267cde2d627e815d333fbb12a2a10ea124e35bcc75e0523,WhitelistUser1017,0
0x551126C0e4ac2E21272eebD020bbE571b4360305,0xf460a598afc2bfd3e592e3a27f5f48af84320a6a8603f9f8aaffb2401f400e9e,WhitelistUser1018,0
0x0855552660A572FBB0F107E047b8c22b11131f1D,0x622147a5ab3726a84eee94434a98b4b8b227ae9a65d1d90c8f6c7b95c15c61ff,WhitelistUser1019,0
0x926015D5E9a5015Ee8b7391f34af957ebc41d2bE,0xb096f1889a53f94063847551c4ee7a9d7014161c8f370d7f4d95bc1fdc899fb0,WhitelistUser1020,0
0x9a7D0890fEb5c34F469E4613859A9cd83CdE9e4E,0x6670362a667128a2c397dbe4e01d19ed3f27a93ad79e970ccefaf46eccccb2bc,WhitelistUser1021,0
0x33273c035707f0D3eb9f2559f81d3230531d9bB9,0x60e3979f47568d06aacd7ccc09cf18c2d87fcb987640bd84c4fe326a01fbd414,WhitelistUser1022,0
0x619561fC5Bb8eBC7ad5e3462F15f652FE5448d3B,0xf1a0090f2d0a2b24263f325de3e83b07fb84183ef42cc42c559328d0d139661a,WhitelistUser1023,0
0x74Ad3664f68D2a33225458091259C66E07bC783f,0xf09206d528a74a2fc0ea6b2435acc3fc2cc6d01b248475af883d4b344f07870f,WhitelistUser1024,0
0x4C4e3C91daF50cE703626999948Ac3CDc900452f,0xbc34b32f78f97986c90dacdae33f9d62825dc4d5250a551770dd50ff5d2b5416,WhitelistUser1025,0
0xcbe0f64A9107027C27c8bCd7aAa586dd52c0734a,0x95528d408d92ff78354940d9fbe00e343e714701b84d72bfe08e7fc0f29bf1de,WhitelistUser1026,0
0x292D1fb1B67e7F2B80B9AB3e938436c06a677205,0xa1c7455bdd3cd69a1f080511c5b326b750698b6bcba234db0cb35a484ff8e11e,WhitelistUser1027,0
0x57eB20865aF66cb45cF95e01BB3cF267F7CaBc36,0x1006ee38611a7e081ebea0cce36141c44cfa14ed0e6b4f038ab4438e930c304b,WhitelistUser1028,0
0xeAD7a094813ed46BFdfEF8C3F445A9460c3539b0,0x2ff3c6c92a1d937fc04c578ec36e461aeed0158e29bd36ee37e8a0b253160b3b,WhitelistUser1029,0
0x78781c5c5d2f136716D2b02ff81E6bB28244EB53,0xeee2d7cad272cf505b319823103dc2631ced146e8ac8fbf6c72562a1589b50a6,WhitelistUser1030,0
0x0E7D754C91938bA2E7FeB8A68FC242dEA9D2914B,0x6753a6ec791c36d94de00f29471356b8ac24f3eb31858894f1ca9c63ddcdbbd2,WhitelistUser1031,0
0xe75A46aA59a57a0AEed1F809E0CF6BF917cAa5f4,0xdac92961f2fffe4748a817ef0eaf6b649e39c2ba7cb8ab4d674f50e3541cfa1f,WhitelistUser1032,0
0x288Efd1fba5925dfDCFb9e074019f55933b43EA7,0x2e048fb633afe68b814e0f79a37d7f7954eda3e9a3db331d43fc07fd92df88eb,WhitelistUser1033,0
0x3a954E7b665E90e709F150179Bbf0e14040dbe85,0xf624cf08ee8bb9ca2b6ca06e1132df8b6ce41ca81a2ee2f098ccf8a0de43e37b,WhitelistUser1034,0
0xba43E291ed3e8D28219a7F86BE075FcFf6305dE6,0xeb4666f4a4e57da25177ac4fe9bf86f457a41dde2ddfa09301eeb99d21b1d8ff,WhitelistUser1035,0
0x2A352e40E8D859C39b658A9359FedE3cCf717869,0x042ac79224d9ea4b32159ae49f8aa4eedc671edf04c32512eb5655397268c726,WhitelistUser1036,0
0x6D0561a54bC7ce63718dd75956b10C41C48bcab7,0x07f29059a7e975598b1dc067db2a9604bfe3c3da7ed5e1a7f1301ba8b80aaea0,WhitelistUser1037,0
0xCF7b36d72b54501aeF3f68dB961B7bb32c81e6af,0xe4b7c4d4ff34c150b5e835edb3888d38d102d1e881fde03ec875b1102aa273a8,WhitelistUser1038,0
0x4F399B08aCF94107C2Adf6984AA4642993e84deB,0x6ad8714c27840e467c558b4dc50d8cbefc5b67bf4cfb25974ad26d44933a087f,WhitelistUser1039,0
0x968b2226168101dFdeC03FeD283e5076DE17584F,0xce2f65b54a1d96156b9b3806ba48b07846c0f1dfa1f3cb71eabbe5906c0df2bc,WhitelistUser1040,0
0x37A7955A6C56d03b7d27a114B527dd38Ab533f91,0xc446e46833f91717e701382d2afe92da4340a050c160f03ed601cf4f19d76064,WhitelistUser1041,0
0xb6c706A5166D37d1AA60A30A0409EA40466F7A56,0x51a9ed2223c4afa12eef870cf10d1b63bdd52d06e79356e395eaa96be57ee693,WhitelistUser1042,0
0x5fD09B820bf34e5BA707545e7bfae84776D074eb,0xb284c8fed474b2f2951d42eb05d8ce163565e405f8619c39ee413baa98957d76,WhitelistUser1043,0
0xB0f75a20DEaB5a30bC71e4725a31160029E78160,0x2651ee4908dfcef6670e1ddfe96dac97bc654847bde4cd00ed2efb4e9344c9ea,WhitelistUser1044,0
0x2EE0924568068e5C480449F3dC99198528F17cF5,0x49fc1a353de5072bc38f92a416566817e01e06a4dd0e889f3334f199c0b3e5c0,WhitelistUser1045,0
0x51630742260de9B8df710c935998Ed73111E5861,0xc370da48a86f3ebb50b589ffb333620cea89705a5a3cc624a428fddf6822794d,WhitelistUser1046,0
0xA3Ac739e2aAb5bB7dC4346a5796ff2c1362433B0,0x0ebda9fcb984d9aa468126798ec2c4df690474a513dd17cdc9e860029a72f63e,WhitelistUser1047,0
0xdd997f8bcF1b5D1e395dC63aacB61AF523e721d6,0xd7f37d63b126d5b6ded63e04156295f712eed82d5d7289df9bc6f72c3b4f54cf,WhitelistUser1048,0
0x6Dacf1b9D391fAC1a8784f1DC612034558f7C5D8,0xa87ac1059a7fdc1ee2e7230e00682e417f37ec9ff5298df8c7361743ad9cf4d7,WhitelistUser1049,0
0x2751F87362dE097C4c65359C115c6978138B44AA,0x2e0acb06b93ac879ac082d736e14cfdefb32907ad6dc92f0fa0477a5648e2a15,WhitelistUser1050,0
0xB219BAA2bbE27b2676F9687152c62c24E63F12a1,0xc3c0503f3ef599f52ce13bc3accbb377f9d064edcbb4bb45952d4a050cb54ab9,WhitelistUser1051,0
0x97e2a3F2e20405B92875A562131016253d6f57E9,0x47f28c70d6f617e655475755e5ac6f41e64d49aad4000915bc47c35fa3cc385d,WhitelistUser1052,0
0xE61eD45Eb0c05BD255ba4F9E0cbC94154F1F5E82,0xebf287e5dab239ce4aff5586ba580a9c4a76080481832f67c54614c614a07b0a,WhitelistUser1053,0
0xbF3FA66f42d2641B44B23F10382959Ea9D18ba3F,0x2e1f1612a23969bcf7c6c6924426f3e5a4a89c15f69160da13705a0258a30aff,WhitelistUser1054,0
0x9E5CF8644a7Ca463360deBad3CFA7fb7e05f7a12,0xd091e5b40b34194f9e926d325302c27996fe258af0adec13e35b913f2b035ce1,WhitelistUser1055,0
0xF93D4729a1b6C2796a904218cC8834e43f9cA170,0xe2746b5718f576f1efed889e39d4dcee319bdc4c3cf5f70c79c819a5892d4b94,WhitelistUser1056,0
0x371D7ec9a2De352aCEDa444998168C62e1dbA6EE,0x45301cdd69ebc5835e3d32eb6a8a87a704b3a51eb701f44f4f06d4130d1e551d,WhitelistUser1057,0
0xAea0a38B7126ef3037Db1b6c1b370953bEb2de47,0x9eb899e1859a01f3e5f293a3348a2c9e7a59ce4a8eb85b5beeeb634034d65949,WhitelistUser1058,0
0xCDedf2fDd4d89e1bB46098c0844Fe6DDc1015C91,0x1857c22298ad1ce6d5599dde388c1b8944d1ef3eea0845853e24c3c9fd683aa2,WhitelistUser1059,0
0x1B53358374A3d7Deee2fef8adDE1d3839A9A8473,0xdb6ec690b4c19eceff0943c59315b75d2557cacecae0036570bd9e314a7b5f47,WhitelistUser1060,0
0xc9b20476a1acA546936a2583414b76798Fa5066B,0xa50db6eb5c76c407d3c022aced4521e7b6bec8745f770f3dac68c1417ef65a65,WhitelistUser1061,0
0xcF14c7AF85b0f7fda1b701230001863b49385793,0x51126e8ea82cfc604a171a83b670c8204439b97d42c79d6c37e16fd601880679,WhitelistUser1062,0
0xcD4c80135E1f474718f57DF992590389aBa2A7f2,0x43f565c95c55396d3dfffd22d6e1f0d5ac8eb89a18b1e503eca974a8ef4cd147,WhitelistUser1063,0
0x63035B3C49667FB69C51916929d71fCE99EC6b1B,0xd373a2ab27f3ac3a772c4620ccd29ba8cce426aabe64005ba11abfaf8c51603a,WhitelistUser1064,0
0xBC633Cff51c8c4CFd9F11a75A68F2B5E81eB8049,0xa060a921cd7e9cc9898d56d8ab9ba0fba5a62bfd6b7b9da3cbe950ff954247f1,WhitelistUser1065,0
0x0b2B1a73080E3aC01C887EAD044Ae64a4B7B778f,0x72657761ede06047f2e5af585bcb7a4a52e1f158ab55e3e9bb8fd51e0180531e,WhitelistUser1066,0
0xF66c63b431dC180dbD2d7CA7A02Db09CFC0E6948,0x6b80bf68db8a162a4779d64206d034ffd402383d0312424471eae1251115bfe4,WhitelistUser1067,0
0xeFef73346Aa0E53a666918B9EE7E5fB4766b042f,0xe28dee70db72fe959ecbb32f2189c72e2a18fe22995f7a32dedf23e870ede98c,WhitelistUser1068,0
0x1c89547A985e68558f68036103193719b1AD1d0e,0x425ff33b49cf5665c3750790763fa31a2b4422e7d88b6e84516c050290221d7c,WhitelistUser1069,0
0xEdEc54E8E793FB643f9DdbB7Bd72d25A6B5a7382,0x86b8df378e8e1f2a870eee190f40b419f22df95d405d1613a5b1ad31b1855491,WhitelistUser1070,0
0xeA128793394f303832Fd12B227Cc8eB416020202,0x25602ce7fb43cb038ab277b91fce7431e89d0ebc8ef0e3629f5b592f0ded9098,WhitelistUser1071,0
0x02B595e9aAA6D340c724e0b117f96EC8AcD9E6Ac,0xce9d269b56d0e38ddb292620ccc4f4e9b0ec77beb251d31f6e721628ff205899,WhitelistUser1072,0
0x9728e5abde51068d5C1172a9DA3214564fC7E62b,0x2a6e0d5b305756448a219282a06ae560fe803a2c5e83a3da69d346d4c820e057,WhitelistUser1073,0
0xEC03993E66808323F73889bF25838C1268a1c1c1,0xcfda0c6b74248855ce0abeffeeac79ca78ad7a741fdf2f5c33d9aee19e7c5588,WhitelistUser1074,0
0xbF0418c1cE33FdF1717810C20e50c2Ed84eD34FB,0x8b275941f6436eca7984f890878c4f0e367a8990a5eed09bdd6512b5328d959c,WhitelistUser1075,0
0x660C64fd3F20a24DCB6F659769125ADd8a49A176,0x5e82491d4a696bc64d0786fec106a8948633bf18e52d595bc15a3780846d150c,WhitelistUser1076,0
0x8484942F5561eA5258BdB31E77C8692321712636,0x18135439c33d14713530c28a8feb56b8d37fcfe9d73115638979660b1f92768d,WhitelistUser1077,0
0xa6B1183783d37AAD5542996282B8f518e03588B3,0xf9f43df1ade3f251e6cc82e7174db2142aaa1298e0c44dbf39bc182741e0bf8c,WhitelistUser1078,0
0x5DaA2Bb35B5C35E8CD4A13E0457aE622bff5d5fF,0xe14458398cde37eb078bb9060e29e23df3457acd18c27dce1eda1f6ada9e353d,WhitelistUser1079,0
0x3E2cA5d6B40B5d808e4943455B94dAf922075818,0xd3ab0750b1936fd7c42e7d8dd97769eac722cd5ea396fa88a7c4402fb34d415f,WhitelistUser1080,0
0x5458d2828f2a617Ca4175FB159cd6cd03C8355B0,0x49ff98e46309d4ad004e9201285657fbaff734d0dfb629eec6b0b99adb84279e,WhitelistUser1081,0
0x732e4101F7163f39d1585a9AC6d972b5b8B672fD,0x32759c5e607ec8b9be5a8260a1d88b5c857eb0cc575e88cf2bb80bd8df1e17cd,WhitelistUser1082,0
0x23ed51483d02d594ff9CA8e474d727ef54DDb0c3,0x33a9e7ea0caf42e43c17885b02777b2c5fc79d175a7fe421c861238bf30c996a,WhitelistUser1083,0
0xe7AAd6bd384533Aa372c943178F0091BF1C8C4b2,0x98a6e3bce483a2232c1635a7ce8ce15b2001ecbb36f3bb8f1021b627e9b2a6ee,WhitelistUser1084,0
0xBC0d11d57481d8c66070524715C330a16622D4C4,0xa94a80a5eac39ca671a9340e42fa8ff243f8f48a70599fa95ead1690e4dd5e1b,WhitelistUser1085,0
0xc520C318C178e417f4aDcc62c1b01eEb812042F1,0xb1c6aa41236f8ad959812bb11bf83dfd0036fef056ae407eb38275d7a5d9d9f2,WhitelistUser1086,0
0x7D4be5B5D622fAc9461bb97a9509Ec3179226B5A,0x5c018dffb4948d27b12c0ec79fe93ef36af0f20f704cd8a6b8ca9f5a65600135,WhitelistUser1087,0
0x5a6f4b3E509dEe1Fb2c4F9fFE79736bec60CBac9,0x075d40cf4b1a3ae369b9909e98010ebf143c77d0742016120d3c83c4a3edacc3,WhitelistUser1088,0
0xD1DBE55415c6d745B81fcF9cbD94A0768e303b46,0x28a16d1491622cfac21a584bc0bff1f221feac8a8e3b3ea547991e005b274f52,WhitelistUser1089,0
0x18765f8E176242767Ea806b4Acfc6Ac02fA99bb0,0xeb0751dfbf1fc865233c8cd550c003dc430a0db1a3be86ba0f91c6f0dd7aff18,WhitelistUser1090,0
0x5ED378f1c6AFA2dD1aE8F26d552CEe72b2e2E65B,0x939129a5acc6ffe6c4981f4bc9296b8e5956a196522b1d197ffac57dd382993f,WhitelistUser1091,0
0x943586C5c927aC613705142c5b3d86590D8378E9,0x05a9d1c3927d905cbd7bb2f50e64b43b98ca00f10befc68047626f4e4cc36642,WhitelistUser1092,0
0x70cA1491474fb231D9e37220cF9e64586aE47380,0x8d9aab42c42a6ab0427ecbaadf64737f15361deb3e96cef96ac3571f44d2959f,WhitelistUser1093,0
0xEADA4e886d6E3E1E4f5ea73C96f7E9B828ff7664,0x11d6a537e89781261ff32ee4008437d6ad116b13e6b1b81beec95a0e65c03bd0,WhitelistUser1094,0
0xAC18242c726788aB3ed8A39b63A374333D5546c0,0xb06fa9046d82be055f29cbbc3a0ff96148d6c0196b5694876d719f79a0d18580,WhitelistUser1095,0
0xeD7E561cFB27aBA16013C762FEA611080EfD8B6D,0x71cae616d0b2efb236d0df52689691988089cf634f5bc33eb664c838c9929db6,WhitelistUser1096,0
0x011deA0f0298a0aaC468bC9eDBD6f63D386e231e,0xd295d7c3e6c377d5b6cb514b89d500279787b82ef1d5c82cc2798c0253e040dc,WhitelistUser1097,0
0xb613eb459955C936EF16b0FB9E5Ed2567eD39Bc9,0x6533c43b43c7647ae9353dc64b05f1e159ea697c5387a08bae6b4dcfa76c49d1,WhitelistUser1098,0
0x09f7037E5626C10086C9f492275672975a59D017,0x6dcef826b4febde513a6a514f18baa99b1714e2c388ffc03919864c38a5d0fac,WhitelistUser1099,0
0x7eEBf981Eb85ab7eBca9884e95696382E50Aba03,0xe0c0b8a335a7e1a1c10d398a8199422a31f91de34b8dab2eddfce2be8deb81bd,WhitelistUser1100,0
0xe5ce836F8Ae6bc0210856ad4e98a0e400b7DA049,0xc3276a59d9fe8ab74af2970a4b9d6df3dbad724ceaf8a0c6177c247be51d43ff,WhitelistUser1101,0
0x561F07e690e2Fd21f346cE5d40d519BA6Bac5C8F,0x0b633800945489255124f5dd9ef47d5fb8a25bd009de8cc96c4f7e32afeff1aa,WhitelistUser1102,0
0xe62601de268e43a7b52F34fC46DbD9bBE76f1494,0x1928b80120094ba754e3a2e98833eaf8481c235fb777694b6ca8b034aea8ffa5,WhitelistUser1103,0
0xDe6Fcc490f8D45923046D3460886C984aD9AdCC8,0x30e8ee4c8bff7359859bf10e1882d5e8acbc66871f5e8c06b6718412c94a9e13,WhitelistUser1104,0
0xB9ACaAc00Bfe8134d2767da68A233c1a0f066565,0x382a89912dca1f577e9d908b6e367f9f940c6b61912c33b82dded4c2d92b852e,WhitelistUser1105,0
0xB20dB91CcB1Dfb28fF985643c79Cc7006F934E78,0xd3cfaa43ef5025452688181dfb7d254966bd73ac941ebae9f90daaa07ed6292c,WhitelistUser1106,0
0x3D92B618D0078E731B7eE70C842147eE22eb91c5,0xba8c45f07a09ead4c7cae96ba89d6aea271420015356e22a7e81beaf72a9e569,WhitelistUser1107,0
0x656ACAB73ACFc3fcb8C119a3dbA13Bf76F35f4Ae,0x75688402e5b5dfb64b5f6b0b067c124f9f9dca9bc2f583193f0cfda199e0ea4c,WhitelistUser1108,0
0xE45Ae162D1145295503F80676209804c94f02DBD,0xa4d55148f95f4c7fc8f0c375ddbb94b3990adc8337c723d00aafe54664a22f89,WhitelistUser1109,0
0x10B8C3B614b6aB9171a7Ab72e44B282f6596f4ca,0x3163bd552a24d4fa14a2c2983ea3045d748cf44e48d82e9a36f96b74ffbfe085,WhitelistUser1110,0
0x0022dC3F891B564253D61CE7f839769EF051950c,0x9ac263556df74dccbbd32e5f2f7ae3ec6f92504a73ec795927c80eee396a1c02,WhitelistUser1111,0
0xa0bB02794F3129dC0163d422A1295b1249D9a10d,0x6242406408989f6aa8fee00f35e8af2c5f596dbf2fb88c731cbfc4ffd7deb81f,WhitelistUser1112,0
0x45eFee6e5A13B95c459789d0F7C3C2425800699F,0x46ca21f1d9db3978c31b4cc7c4887bc8462e48395c67e22f29462411acb15790,WhitelistUser1113,0
0x15430c330cACF133D1AAbe6C6C32eF48547Fa8Fa,0x1d8e81af70147457c8cbff84351e48caeea1a4705e615943c0163d6e079f18f9,WhitelistUser1114,0
0x4d113aa2488CeB15E0996f291d8FC94FA92c7800,0x0dd0d0dfe8bb23bc1312e56ede6d1dbf15c449a924149e95a5cafedff5b1b888,WhitelistUser1115,0
0xC717b1A6b059953c21DAeBB01607DF57b40cb1AB,0x1c0730bb34b5093656380a50b68fb8a9a4452fb97da11b867e3167d7c5954afb,WhitelistUser1116,0
0x829d7D02305f9C89fF630427AB5FEA97663893ba,0xa78fce0929c6ad22b6380ff72fd3bb041c50110805ee44e45135f65decce6bca,WhitelistUser1117,0
0x6df24d5ED3708eB1BD40B4C5a726Dbc49F36dAc5,0x035e20f1bb1a1ae14125a5b4c7aba5354010e6cb3d0ac380d5c454f70d2b415b,WhitelistUser1118,0
0x02BE1f4d490503dfeef3D725360fE603Bc62eBD5,0xf8f8a3e972b69ab60c645eff3a38c459f48d34fce2f024536287c88827c34da2,WhitelistUser1119,0
0xc449a04CE7a5a97c82ff979D09f8aC371f6fcF9e,0xc8e96b922b256d337f734ad1fb20688193f36cf8c5ce6722091305e864ef198c,WhitelistUser1120,0
0xf66173C15B64576282A9d795406A274728d1F9Aa,0x6c064a1315e5dfc3864908cbe4dda6561e33d8ba6272acd13d0c79a0bc9afe2b,WhitelistUser1121,0
0x1d666FF015F062aB0D4d00a47470d9a8A120ad1F,0x36fa0886dbf3de5e936eecb6ca46e4a2c0dc87941f671026a8c55673a8f86f9f,WhitelistUser1122,0
0xEC6dc8818BDAee1c9248DA0493Fa9dfC2BD1561b,0x842df15c14ce4ab0c83aee881d365fbabc664b0d29e83919386f8fdbb9901645,WhitelistUser1123,0
0xb5AAa75552425540cdB94709985c49F6F90f2DD0,0x36f838843493e7d96320812b44c227d4265a142e8f1e3f3c8173601ccd349c39,WhitelistUser1124,0
0xd6a40d8EB93b36D9F8599485f1bb21DdFa718c41,0xc87acb5894e034f9066e5a3de86813107b1f732676c6a2bae61d32f43abed065,WhitelistUser1125,0
0xa18147e6B7A4dA713F08fc07C5B56Ce8C685c04A,0xced9dbc51f03851135f9eec32e96409a82fee155b575df860ae1610f88f664d3,WhitelistUser1126,0
0xBfAcb8e4B8890145b40068be468A6C887F7b6cc4,0xea6e2e86dd45adf09e32f5ed51c3bdd4e7faf13587a9ee63ef82d7861ad33954,WhitelistUser1127,0
0xEc78963dFA579D4B5bCF01b16459443c0485Aaaa,0x6af480ef1930b754a0ec10f110340d047c720fa6535b731868b6ad32a867a151,WhitelistUser1128,0
0x37EF14c3535170Fb5D00148D2B1251508680Ad5c,0xfed12d823f8eb67860e0019980332e434faf082872156a6e6795ea248124be6d,WhitelistUser1129,0
0x52870C7a190D4Be72dFf45367D49047c56E63A3d,0x0cd65506e1151659a70af5f2f81a6978d7dc02275197e6bca48f4c0172fba433,WhitelistUser1130,0
0x7fB264EfB7B9b1187e935e430540bd879016f445,0x90e4baaf8f4e6b3dfc99c4b8aaba2fca1f3521966607a9d9880f95065b3971a3,WhitelistUser1131,0
0x76175d6a205d4415cCd453265c3AB673f3e01C05,0x12292a3b3e409e4a0c2130b27879c948de357dbe911357065ade5889acda7e10,WhitelistUser1132,0
0x9F03aD721d961fb386b8044d03c06609e20C5125,0x3d4a02645f350e180a1f0078007f76fc703d17827a328527034d20588307d92c,WhitelistUser1133,0
0xaF099C4CdDD53Aea6178AafaC13c7DC4e3587EdE,0x346a6be0adea44bb8a40ccf2fdf206fd501a88459c2ee08c8355563314bac6ea,WhitelistUser1134,0
0xcF9e101daDB95ced30B3D5c98dC587eb158bEA45,0x322887a1a8a05823d5a87fd55f111765c5c3d0de039e681bd6c340e6d26472f4,WhitelistUser1135,0
0x5620aeff0E7736aE8d58f90234E8DE0830264bBE,0x84b16ded39b32a848234b7beafa0033dd8c337375bbd111e0d9610ca93482e1f,WhitelistUser1136,0
0x39B60242311116EFaDD98a6dC928A713FA96B0C9,0x1a120c94a732532d88751b0bbd73708e36d9c4f57d6d7ff34f5218a6648dd0d2,WhitelistUser1137,0
0x9fe66FdCC99e19B27CC11f76938331d0663B7307,0x6891359a32322a12dc055bf3e7b56e606d2d7a8d53e4e1f4948a108ba91f896a,WhitelistUser1138,0
0xEc014aC89aa26c4f77C1048fB7A458eC84Ed06b0,0xd291a20d441a35fc5e0587ccdf20301c5a61c8dcbafccbb58728a34eef639bb4,WhitelistUser1139,0
0x1be838C690D8A91850E136D4CD1d9F731Ae0780E,0xcf613dbef430595541645fa5b53fcc075ec5cf5173417d1519fb1e02d3d37865,WhitelistUser1140,0
0xB02CC854Ec952eDf5d2965a709bA37b8E355D210,0x68dc699da63051f28a4157cf15a36d3c1daa1fd4e6ec626a50c2b4e815811dcf,WhitelistUser1141,0
0x309C0389F65F7E4774e798439Fb0e3Acd7Db7af5,0xe00ab6ee29a3d0bf1379a2af480577e2dbe052c67048fa0bc1d8f4d4a241280a,WhitelistUser1142,0
0x6b2F15a4291842957fCbcAEED273691Fda83Fc3b,0x0eeefdc891f38eada877d65a4b1d1bcaf37680e7754a27f8b4be508a8ed2d07a,WhitelistUser1143,0
0xB8dE235b8Ed571Aba76f9aA889B54059A7918Eb5,0xfb8ee9c3adaf1a48399434d5532e73cdfaf6bf99d799c3354a1f6d071bb4137f,WhitelistUser1144,0
0xdaF2FA64711B0236252775c11292662668084a6A,0x2955af7167290b95a955a563241dcec1ca66f5f316eab168a52182afde24b652,WhitelistUser1145,0
0x456381416a2d14613B72bFB33D0d2964005BB959,0x42b15255ec8d57d77b8a9efda935c561219d4f2c5378d272a4fdeb95b89ba5a9,WhitelistUser1146,0
0x29C78E64bA46211E6C164d6d87ed9f25aE92C7bf,0x883c99390a31d734d454343770fe63d39d9f1c1e09b0529bf87fb8d8d590fb2d,WhitelistUser1147,0
0x640EAc3F8cA99d5C6292bfDDF4c9536e44Fb3eb5,0x665c8d03fd7be9400060bedd6396750a46c7f18c7ce1c8273dc2f698949cc562,WhitelistUser1148,0
0xc754Cfeba408A2E5d5555cE1ce70034181DdebA0,0xbe97877d302ee60a787925c82b8054a3b5a1e1c829659a020126250259371ff2,WhitelistUser1149,0
0x9C864080f30E8Ae96974B6E1815a9DcC47900F86,0x4b01efe6813780d2e2e8e872ba3134c0ff465354b8a01ae4aeab6b1eba68d8e1,WhitelistUser1150,0
0xa84415b01e554f930df2A4e9e372325eCf61B713,0x3f1015db72261a1bb873d04c43a3085f7154bc400dcd15afc37d09d43cb29094,WhitelistUser1151,0
0x775B936F30652e341708D8B53ab761CaE0d2A5c7,0x6e73fd1a1808bc948a4568782297145efb514c2c91368d55d57e52aaa79394b2,WhitelistUser1152,0
0x13aEDA4382f59b5BA899cdf280ac26F583D857bd,0x929f7b3dbe578223a7bc6682fa339edbd23a96b15c0789bcdffd517375435ebc,WhitelistUser1153,0
0x19F14F4924849346f26A60b3469f7Ec916242ec0,0xe0b46a4d9678ac0a4f0a4b85270e28e713bfde2ead307220583a215bb655f8de,WhitelistUser1154,0
0x19b4535D579414273EA6243e64EAa51F72340931,0x1fb6f1755aee709226fd0261e295cb92902a2dba824c36367a3043adb569d05e,WhitelistUser1155,0
0x1Cc7480A3DA072aA4029c6d1E1C1De5C4311e737,0x3cbf1f3476a8ef2fd2a21e913a905bbcbe3100ff1b920516a5b55ef747c56ee4,WhitelistUser1156,0
0x3f94EFB3bAae6ADa44d5836F0303689F467D115d,0xe665a49678dede320384b2298508182b0d3f3e99b6650782d0c56c6f57312927,WhitelistUser1157,0
0x74633329E024ef7b2d72628cD83111c50b0BD45f,0xb613f3e1187e05edd37b9020541715d5871f675d98136b70b5596f3e3416a844,WhitelistUser1158,0
0x7e2CC5668d6DD0ac3178B002d35A39De32c30a0C,0x4c30579e8aff3a5828f3533d37b08b42bb66a29024e8bed86458c4141c403214,WhitelistUser1159,0
0xA0cdc1cd2D1cc6589216B7fb66F893B271C98134,0xe734caafed9dd5f3a8007b43c4e469a8cdfea0112c837d5384abacbfb127c565,WhitelistUser1160,0
0x58a8509656E2c3bAC614ac1766ffb293cbcECb4B,0xded4ed42113c08332608247b37a37750720348735b6d74c500f4c5d2da98f660,WhitelistUser1161,0
0xE775722b6acF7C89745332711dea51AbFF6D0207,0x6efed4656392a7bdb31425991da94d60fa018bf8d7175b7b64552986a271e7a7,WhitelistUser1162,0
0x6aF913C0069bbCf2e902E80C356b4D740B6b9C3b,0xd6323c6d548dc21fb924561c9e991d5660f9e868a2a9208535a0a78f8eff13c3,WhitelistUser1163,0
0x51424CCb38886f2488e2CA0fd99F4E38fC74C269,0x193a6477e554ae36869b1c690e42d3cf2bbb827d6bc868efc13c702a874641bd,WhitelistUser1164,0
0xE4d554197f666fb2ecbF26494d988cF2DBd834b2,0x4c5e484f5b924c1320049c13952a5e45d2436d5199ee23f5ed34d22fda29f47a,WhitelistUser1165,0
0x258eb738E8FA52000655950afF5536Da637B9A17,0x7897a54e9c2a9304e5b119c1683ea458a6982a0e3cb965514d016b12d920e21f,WhitelistUser1166,0
0x01a8a320BC4CC3Cf51974fa3f7BF6263Af941442,0x10c88590d05b3f9b8fff62512620e9a0b2f6cddc6677a35e6cb07bac6dd34915,WhitelistUser1167,0
0xcf715f48d732a4eb333CcC10BE30ff0C5cf6Eec5,0x7b80236613e83293c7a0eade69387ed0a47ddab2c4a15f59652a99a53160c701,WhitelistUser1168,0
0xD9ecF3b25BE22a46ff7900414030e6bdAEa780F4,0xcd4e8666df7cb5b043e7b01ae2bd2fa8a5bb2e879d694e2cd39c7ab76d41cb02,WhitelistUser1169,0
0xcf22aE133d0A443Efc200162249945641a016Fea,0x1fa4bb4bfa46edb6fac691fef62b6c22bf6b1d1ce1f45f72fc41c83cb9070d28,WhitelistUser1170,0
0x9A2952388a8B1F48947F42590adf6BC3F0202b62,0x51dc65a809227a2ebafc431aa3030fbfc179f3165aa63dcd09fa763de98f1e58,WhitelistUser1171,0
0xFb5154dB8aA084222a3689C422A5D5F0be2682d9,0xce63760ba8c85bb6e82ffbb4c0053641be1a52f77f8794944b7b3d7417659b10,WhitelistUser1172,0
0x8E32E5d5F5132f6a3aE10D7AF37b4e6833ba4b3D,0x71b56bc209124f616ae15fec0914e1c1541e031f5b331cb9586777788a651b3d,WhitelistUser1173,0
0xaB429856579bFD60CB7dEbBf392D17D9215F9B19,0x8242a4cd058e27eb73afeddc247c42e004c50406dee1184a14dc96a0cea38afe,WhitelistUser1174,0
0x7d35c6746111A20F73dE1Dd85B55d4721a350604,0x795bfd94ba1ffedef055b86402a02ba65feb1cb4c7b00a5f7a2c8df591dc7eb2,WhitelistUser1175,0
0x6434c47bb72337d7C995A57C107948d8D27D5345,0x285d0e85a1f372fd0deb1238d09d9bb2a4b85dac625858128bb758a35c1bc393,WhitelistUser1176,0
0xbcAF4166eAbc8FA31D985BC69B730d430c315c9C,0x024cbf1252d79822abb04247e99960b04a035dcd99d9729ac8a42a75eb145a16,WhitelistUser1177,0
0x0835a3C3B38b2F8CAEC30D9360E60E68F31C02F7,0x841627e545f669c878d942d1844401df899071b3cc4178865556a894adb7fd0c,WhitelistUser1178,0
0x4b808931D72e6397171a1CDE547f7CccD576F37D,0xd060dd71dde230796aacf585e7ff8586fb4a48aac90457f0ed11d741d1d6f4aa,WhitelistUser1179,0
0x5729891Cb6308DAf93dEceF5B46ae8D5600BDbCc,0xd80b925db612d9bdf011ce0832743c5b8196529200dac64d639547accb9b328c,WhitelistUser1180,0
0xEA850145850c98487060a0bbEC36ceCD43dee6ef,0x8b88e217eefdde4e9739627630a5a8784d12ea9e96ebd2474732fd8746efe8d5,WhitelistUser1181,0
0xce7c0e12d557D2b0F5833b5b9EC9F957A13D17f3,0x54858ff8dbe898c006d6c47ef595c4340c39973ca55f60c892c58b75b4843d41,WhitelistUser1182,0
0xD3d3c29497e9cC51b3D1A0C559fbfCDB0d1ff7ed,0xed6bfa4a6e498efc280ea1be5d004326cd077b2cf9f385b32488a9e59bab9676,WhitelistUser1183,0
0x5e402B6d1e129bD07F6e9D298ba335A86856Ac52,0x8e0721dad58c4c4ad06126d2896d8a9721c0570cb862b8fea3ea70aa4895bd68,WhitelistUser1184,0
0x1D5cDf1f425eEfF11716C2F8c3396c006ACCC3cC,0x0ea095709be72cba4f7774758eb6868fd4de98d1ba5c65e4a28d723f33644dc4,WhitelistUser1185,0
0x88Be9e2c66BF2E973C676eb4824FA235a02BEDE2,0x3f7df5655d0f37138b2d42aa28de9f98e4d5dc48fd24ce7d5625527b0f3732f2,WhitelistUser1186,0
0xBe7F3E5Bf3aA2be9489846D5ae56d509ac07A50f,0x8955c35523d3874199a9b2ca4b213c9b79bbfc8410c02c363209d1e9db978b6a,WhitelistUser1187,0
0x4307645aB822699263107A4DcFc438fE00aba59D,0xcb63c03f54a30426835568d89c9095d43578e95f19021cd5f8592efe8c652a26,WhitelistUser1188,0
0x58E1D1c7dD3dc075678bAA075aaBB0934f580249,0x8cedcdc406e0ce55b2a44b9c85730aff1f23a8b1bb07723682c855221abf4b13,WhitelistUser1189,0
0x15F51eb19Cf32402E59C3F375336D9e8fe7A8b85,0x1347317a7bdf370603a3dbbd14892ad1738cddab8f6697985a2d9658f8a8c53f,WhitelistUser1190,0
0xb36Ed00e7B4f591ad8734A91eb587eb3279cb07e,0xf91ab138cc3c25bc2d99a688ac45a7d18f2f46dbba7fa4196ce3bfeaee301ab1,WhitelistUser1191,0
0x2adE2583FD8d668C679E88f0879e8A3affA3eA4c,0x9c43d56c79b5b4a22573e9f200a84b0736c20c609bb37313cf0e0dedfbd68f4f,WhitelistUser1192,0
0x58EB20AAc9a1E3Bed2D29960a8c3785A61F0234E,0x4037f38708c49462f5e0fcbae5a067e7339e1aee3cc89524cfcb48be55beca85,WhitelistUser1193,0
0xc24dB53784fb9fDe67C7c701D0625d331777b5b8,0xc6ab7f6d0f571a00f64e1db3d12190174b4a57ea4bb0b10482cfd3ecb0855e97,WhitelistUser1194,0
0xc47524aD87eCEd473583DdB42450a64F856a9CAd,0xefe6e5076b6215a69930352cf1f081090f03e3c579e15893900fdbd6720b1366,WhitelistUser1195,0
0xBEb4B50Be3eB9489e69F0C291925b45188a72CAE,0x1cdc01349d180e135dce6cc263b6a3c27f8e640a7e0886502b79a04fc9c646db,WhitelistUser1196,0
0xCeF6Fe5E478451cb89BCB0B5Df94347B0A413315,0x5a999e3839d4fe44100ff1579cb5aa233f433aa8ac278ecc36c6e8834b8c1abd,WhitelistUser1197,0
0x5f66a5ae0d970C1c465A301dFc1BAe34e53A314E,0xac3ce27eabafb5d763a74ffd0ca1f798000196bee26d068cf71137d0882dc99c,WhitelistUser1198,0
0xaEfAAfB1C114186EB5c438A8f1c234CBC5C8274E,0x0f19c82343828eb5ef1324146e05011d17e1e9dabe0437f83edc03921d5c1dc0,WhitelistUser1199,0
0x582f637Dd89Ececc8022A99905c7f43eBbbE5987,0x0411e4818e14bb4c1ff53f21c2116bfabaf83426c54c288ae81cbb8d3eeeac31,WhitelistUser1200,0
0x98397C7986B97faeE8b43cedbFdBD3E841A119d5,0x113674661a9ab0d27a23a3f4c72f4039c65b745e167644dc765a98ed0ffad93e,WhitelistUser1201,0
0x3Ac03d8C50E005FF9E3902E91741cBE91f3fa9f7,0x522ec882a1f83d6bff19531b908378612669cf4e9925623fb94774190496cdb1,WhitelistUser1202,0
0x0e04525deD8b4ffD3A49C190d24b455aEb6fE9De,0x334a699be69d102ee1537dd9a308002925909ef6a35c19c73d7e4f156af3c40f,WhitelistUser1203,0
0x48e6646BE23Cfb07d1201eb2a7C797a6222c48Ef,0x75518b827cfdc4c45896ddfcda4acf4b128fc7aa6a8ed46f895b4fca8196ff2e,WhitelistUser1204,0
0x301224A9b3a8a501457bfF8FEC5CAC93608c1633,0x59ec4eee36e76b0f653351ccc81b6721cf489243463dc0cd1c1b5baddc42a1dc,WhitelistUser1205,0
0xFa8bEEB278ba1703B040fB362C2F2a35D1281Fdd,0x3bd440bd071a4b43cb90dfd9085038eba4e4d20066ac4649b9367cf73b61a51b,WhitelistUser1206,0
0xb11bADe62cc831b0a93B055CaEe47A8917998a33,0x398efc99fd23588ee535c74d520d666bb08a4d4401aaa988d2ac5f5f958dcd51,WhitelistUser1207,0
0xDd3259F30ec58C11821a089f289f12Edc0a742e7,0x69b6b398f2500d121fca16b0366e31e0433ba59768ba1d33458a8b7fdafd59f0,WhitelistUser1208,0
0x71666bd4BeA8EDa255bF4602732f740cE4aA80Be,0x77ba72fee0c1c86bb3921ecd158cd1f47aa01cb5f73d0ce8d76a83ba5bf31342,WhitelistUser1209,0
0xE5fE2e1e5E7945acCFfe5A266b31363671C14d87,0xb6b887a581c5e3d2118994668f6f0af4e28855fa4933d8d5cad45121c6b9b274,WhitelistUser1210,0
0xBb84e4Cf36303d24Fd810C4647A22F2C327b0A5f,0xfb4ce2185107ca8b277d8d904097390c6eb4d6e69cb65a8d2dbcc90263b2d400,WhitelistUser1211,0
0x82000331fe858A953eCF9B9539241216C8bA734e,0x6a3e364ae2142bca0318e672fd453ec135dadbe8884c3773ddf3999c21dcf5b9,WhitelistUser1212,0
0x2E8846A11f0A0a7d1F55f99e362CB10c0d06E302,0x4cd0020e45439821b99ef997b74c466bbe2c641ca34ccf395642c9febf169f55,WhitelistUser1213,0
0x5F0aA78a8A5521D226b8c441F2eEA1e71cCEF5e0,0xd87faeb83ab7081dfa5327e6009d8e8ef91dbf61ec612bc25155d5fd509a4ad5,WhitelistUser1214,0
0xa72D4557a33314fCDB42208149c6dDa363F07468,0xcac18b0e9e548c9e6f15f867fb2badc4dc8f8813feeb1a241f34915df97c2eee,WhitelistUser1215,0
0xfFa03827aE29eC9375ea6B19AFa056DA418081e5,0x44d77e61c98b0e94eaaf9bcce2d319dbc69315e93ad9c231d78339eae299110b,WhitelistUser1216,0
0x90B1Cef98cedCCba74522b183C22EA1D5ad9c396,0x790a0e9c82a03e41b17779e7537dcbca9702cb2dcdfb9bc6d1bbee2c5fe0e964,WhitelistUser1217,0
0x10D3E2d38dFB85B07eaE64216402d3544c39CE4a,0xad8943d1503ab4c98829c097477b4560ae79074e20897903b91c58fd11bc9393,WhitelistUser1218,0
0x36A9e4153c69D965270ac6999B97822be3f20aCC,0x07f05047e296d8d609004fbe7b39410cba0edd6b06656a97ecfaf8fc494f8a00,WhitelistUser1219,0
0x2AE6586da76713D677873c5E11195ED3378ECe3C,0x37312bbe89616c2ad0aac877814ff30c0630162818394274feac328a764c53b4,WhitelistUser1220,0
0x9e1f40045D2337e1b79DE5D14581141b55B7e7A3,0xdfdfde4a44968ec469ccf328ec04c3e164bb5f6bb3599c6aa668db9526beda23,WhitelistUser1221,0
0xa3A0d6B640B5E197a9bceAD76758fdA444d6357e,0x4625b90c1c4fde348a55254ca92820815ec72e1a53f3ac27d6e28730b77d3726,WhitelistUser1222,0
0x54f325f1E93CEA23Ee0714E878B4bCd0DA5ab492,0xbb0a919e56eaa9e28e3b772e15da26eb74bbb3f88b3338fb686f28d848e5df4f,WhitelistUser1223,0
0x99f21dB149C622FF4b0D84C6A226f4cFa5325676,0x02a90dff48bdf972003b11274b6591a1af283bbdadbc710f4b70989002c14f96,WhitelistUser1224,0
0xC57b2B364BC84aeedE55dd3Be8505762b0119DAc,0xc73846a5b9b92c6f03b22830bb3d6236c505c02e8cf7dd315a964a8032edf220,WhitelistUser1225,0
0xF2d6167717af10C77D6826A54ABed046209A9dF2,0x4c2d47c7ccc1c5ea50be26721f421e6b7aad3b2c38ab4af43cef10c2b779d34a,WhitelistUser1226,0
0xC73aD1d017010f2e184Ef7fF96805869F7816B8E,0x964d7c4be7731db4a1fe35069c630938032276c406d77609946c4f756fbb1bd2,WhitelistUser1227,0
0x5e419Cd36de7BafbDB44641a450B2eF1B999599e,0xe4fb0edd5707bbb547a85fb11c3b36348c605c6715546a8e21597e7432a6e145,WhitelistUser1228,0
0xA672AAF8D3F2e51eBA0504AF8555fB4c99EbB032,0x6896309ea50f66e485426df9c9b9ef1b4117196d66419a3944bb32038ff18da9,WhitelistUser1229,0
0x57C9C9D56726Ff3EB57dEcCFEDc5e1F8B9E82508,0x210f54d464fbe389356cb9733e5f9ada8978f1ddb93aea4bf02b3cb9f055e777,WhitelistUser1230,0
0x3B985cd3a537E16C7fC291c56787d56E348d49CE,0xee922e830d9a0afbd497fc0ac08480a4d231a020e60a1376a82854bfe7e890a6,WhitelistUser1231,0
0x2C741147B9973F510519aA890c587011F10b3718,0x0b03315832ba5f1ce7567e70c7ead92adf2cf0b675ed70c54d3fabfa60da8cda,WhitelistUser1232,0
0x2b1740E0CBfD5C7aEc8226F02979Bda520C5e254,0xd8df6ba50d2e7205d0493123b6f5aa9c973fcfb6111b314526a0f3eedd17137a,WhitelistUser1233,0
0x2330ad8eFf2914f26Ccc92C29326BE6BD5E9E97D,0x4313f76e60747c2b32b075a0193f5525a2454def9dfe7dc554441e1ce9f26a0c,WhitelistUser1234,0
0x2b70AB23d3F7233027118CF0f7524e7970B13C93,0x9968a4487a65ca7ce577b43614833b8ca160a98274df4871d6e9176161881aba,WhitelistUser1235,0
0x00Fa7095A1508950d5875dAa5CaC8B0fcE93d464,0x3d8901cde0e366180da10132ec72819eb0d14cdfc53ce8e19323e9d962139207,WhitelistUser1236,0
0xb2Dd33cb34D513eBab53E624dfc49bE72a0F861c,0x175a89253557a63db7f2e628d7bbb186baa9c674cb169091ae12cb6a8ea084c2,WhitelistUser1237,0
0x747d147e3811d212a6D5fb99760bFA8Fc14d3e92,0x61e17da1340e8aefdb91e14c33f1271ac1177e40e2898d3061d453b6ae9117b6,WhitelistUser1238,0
0x84A650cDA8C8e73400e3A12C4a2421A71bBE35b6,0xa1ac2cb93cfe650aa561a08f0df06a770938528598650803bd4555af49a2b33e,WhitelistUser1239,0
0x77F9216B06e408AE790559a0438165Ed6Eb273f7,0x9f4cdad18ce45735723f4028f1d6707ab48f84b862cef090805c4214322752f3,WhitelistUser1240,0
0x63156BA15714153f5B2B647FE080d28F16c36693,0x1557a302892eaa0e7cde5c84acc64209f82be1dcd9c7a6d6e821134e3bfe7f0d,WhitelistUser1241,0
0x69e19AaB6d491b93d16e9f105D170D38663082FD,0xf8f16c47ba509fa11c4e30e0e2e327172cfaaa8888af12149b87cebe8f11c759,WhitelistUser1242,0
0x6Ea7dabb9eF404013C21e6B3C354EdB5446a77cF,0x989d08cce102ab23b7b3dcbe0250c517a902b00b39dabea02bbb9d1f21ad5164,WhitelistUser1243,0
0x1207606d0377F13D1aA815e1E4b60Ea74Aa51aAE,0x5820544e34d2a61ac02c80d05e0df0ead1ca5edcc2e369ac43609b8f24befa53,WhitelistUser1244,0
0x023B52B09bdcc3be884c8C845bd615b522932fb8,0xfee5f7f5a1d7a47eacd6d45427151aca5bb9517228a6228f0ad5314ce789375b,WhitelistUser1245,0
0xAff81d8E4116b8E6AAC4D6a71BF09d8695237ad3,0x59bd40d2a78f19bb2506508e28b9a1cb3f18f9002937f2956f6d9372c7a50c84,WhitelistUser1246,0
0x7cC22E97Ec6A439E22A1c3337bC756363528Dfc3,0xb0c20201b1bc45b6ae6c5eaeb0cbbab333c7cd772ca3d72082765383a545d777,WhitelistUser1247,0
0x16084E80fddf8B45Db6589eC17C2eBC5731EdFCe,0xa039b08b8f74e612e69bcdbe70f5e5d09aa48c54b8ddb8302ade9c149257d1b2,WhitelistUser1248,0
0x92a9DE78EBAED2105F70ab7C50B77fb367E93fC5,0x73e0de8e5887150dd89c790d92d019cb7458c1b4193e7b3b037c234d4609d9ad,WhitelistUser1249,0
0x564C55F0E4aa7772a42eeeA16314F5efC080cCd8,0x1814d87a42dae8fe9494d389134521542cc2fddb10667c4e4e70f642ce7f00ab,WhitelistUser1250,0
0x5A6Bf8868aFe5cac67fD7f34aC6568B47CAA20E0,0x7db91d4c3be274be1ebe3ac657f876d6db913addcef546706da26f32971668cd,WhitelistUser1251,0
0xD13F789D2e1580A2a43D062a9c8A23D9586E74F8,0x21b8dfdde1a91041587d35147cc7bf4e42dfaf37ab8f527298c31ff960221a52,WhitelistUser1252,0
0x0e4e11626ba67D91908E32d7639bC71Bf37EDdB5,0x5f74474508d0ad62576c32ead1fd227008fbccde05fe2ceccc07cb05f6e3ca8c,WhitelistUser1253,0
0xB3b6609d536fD25A43f7d2587D3b30646bCCBF90,0xa1fa7ec53426b91b177bcbdcb6d70a684d03f5d25955690aa2dc90d740090cf6,WhitelistUser1254,0
0x9A09Cbf5294035C8e4dEAaDAd3F6a055c1F2AEaa,0x8f7107d8287bdf454c128e6a2dfada4bde153f1f75a7d8b7aa8171248ef31cf2,WhitelistUser1255,0
0x6D788A8293D640dAaDBaADB425846220C17d3799,0x459c42185650b53ce7bb2c8784c8347c0a8774b8daa136e0d224a4443d1236ee,WhitelistUser1256,0
0x56040642DD451f4D3f5AE827D9411Ecd49c36bF6,0xc74ec6b63797e5a29b36bc91fde2fb176cf4029db0ce2b709f5250dfee318ccd,WhitelistUser1257,0
0x13d6a4e42889bFFE5Ec175d1F3040BdEC7Aca0b7,0xefd9cdf6d15115013f87b2e87fbf29e8cfed8d9599ef91dcddb8fc57d0b6a434,WhitelistUser1258,0
0x45da8d996ACCB79Df6B6a586f37a1Ad1e850112b,0xf90b65f5f30fd07d94e5f5e10e414297c7f4d3d37ec5a3f44590a881050bbb17,WhitelistUser1259,0
0x106Ce5105954B789B7CC9Ece9c1EFDED9150Fa10,0x17d49e4a7615cb4aec8f5b4b340926280377401c8d4a376bfea8259036222165,WhitelistUser1260,0
0x70D32b651f28E8Ec6c92187F98eBb499477AB7d1,0x0d22de1d2a03698dfa02aca6827a18ae619d7be502188091ff38ce940bf123e5,WhitelistUser1261,0
0xb83113D042809C08f44ba5aFD39e869fFb9860e5,0xdf16fad12d83582fde1202f692ab0732e78e1009c07c604bb42920c796a7b0c5,WhitelistUser1262,0
0xeB0E4693D7d7A3c18B2798E0807569f5787F2390,0x251a89288792ad257e2cf484cf9bf00910e89fd7db218a5380063fce723c6b21,WhitelistUser1263,0
0x7fBD24520dcC80A30731376cd68456C0A9B1070c,0x6544e518260e450440d40b856e7b2134d5db6c31e2eefaa173f09fea97a1fe4c,WhitelistUser1264,0
0xe88f0Bea6E14be9F99BaFaf05c88092600f03768,0x0f52dffce35dd569a46f14573e1ccd5338c7e24bc812efea74d21cd2f8cf3dc3,WhitelistUser1265,0
0x4fFED201f7dC216008AD063f8BB8345AF25CE81C,0xe018a96242353fe23c01dee2c0ee29e6e34fdff31d43d525b204d14ff8754e26,WhitelistUser1266,0
0x0bB8fe5674cA6902bE0102f96c5d97a952050056,0x258fa8de4a0da1dd14cc812f74d65a324281bd2e9890fa7f0b4c8e1dd17e8371,WhitelistUser1267,0
0x45247ab1F0Ff8fB426780E93339b06B9e3cdC3a7,0x122d28d39a287e63c3720906e05d03c804934dde7d9e299e182911644d7ac026,WhitelistUser1268,0
0xdc79c672FAbd781A3e9F511cF898FaC11bEd64cF,0x5c62df7475d952e08d9f34a2bef86e88168c3f4847a336da532a4fc02d71722c,WhitelistUser1269,0
0xF7eF28f4EF8B1D98C6c69d57895535F3F0838BC0,0xe0db96e260d190be2bec0d0a35d6a20b894bd3020fc32ccf9db1335b55d68831,WhitelistUser1270,0
0x1796dCcbA636c5F2E611496989eb09060B652635,0x992d4ed00170a1138c68f89a52b0c7a471b2a720e6c964ccd852b459284d3b06,WhitelistUser1271,0
0x18DC7Db7C0C575D845349BBF0bcdA254cF87Edb7,0x3d96863074d90f822cb4a0b82dda978975c4f092a0294f65a3981c7de25dfb27,WhitelistUser1272,0
0x68F0ebFe84E01c4c64AcA464FF7bC4dDd11d64AD,0xa5225f0bcd4c975fe8e363fbe51f97f2b6b190b018edc1bfd000dfdfa569648f,WhitelistUser1273,0
0x244935FDab402f700cC7AecCBC98d8C580efDb29,0x390d149086a0500b6d33685b3fc8b9ab185d09cb9641df14095e7ed16f62ee4d,WhitelistUser1274,0
0xd702947DE9746b4EaF033Ef021ebe00Dc782e277,0xc49b2a3ebf643a0f626de918141bb51cacaa6829b5f2e8284b49867413adabf6,WhitelistUser1275,0
0x2d74ce0CfD497f741C48D206E27C1f36C0b713F3,0x4769e3d627fb5aebaf76d099598d70c961539bd9924edff52d0786f6b88ddb81,WhitelistUser1276,0
0xa3039FD27BCD450a88a6309bE5fbcb146c01D86a,0xf0973e1b25b206c5f9cb33ec4dc800f3746042310ad424093364610ae13bea94,WhitelistUser1277,0
0x7bACdc576399Dfa9e6FA85A3E3ba64F32cCbFee7,0x963e69c7afc6fbca98b185d0e4ff5e4871cecce73d333a1fa97e230f4deecf03,WhitelistUser1278,0
0x5C4D72C399b4789C4011302B18858b0Ff587CC25,0x48ab29beffa89b42f9109a65d3789e1d94cdaeea888585d265f2c86b1d0a6795,WhitelistUser1279,0
0x182C99be7832E3195ADBAb5ea1A27D593fd66C80,0x48f69d55504263479a27d2b582f28f88d2651ab2480005221f5518d237ce58f7,WhitelistUser1280,0
0x1deD6b282d836E5660A64443ea223456dA351D3D,0xbc299aab1a1b62f517a624b114e249c9941dba712e17d610abbf3c49a258172f,WhitelistUser1281,0
0x37C0af1427e0A39F17BA17E42687990f65F9Bfa7,0x949fe65fc83e4c1cd1368f71383ca175278ce6d43efc004f751fd095217db3aa,WhitelistUser1282,0
0x2A0BF2AF20A900e6E6a90edFffba1feb09143789,0x79eb2da3a3cbdbe8a788fd9e6b57dfb5be4ae8c00393f65c0e4b20eca186aa16,WhitelistUser1283,0
0xbC60deA8E3A616485178abbeee0049F0d171B76c,0x8199b514e59fe2bb991344c967103b2015ee910c71743cc058be7952a8570246,WhitelistUser1284,0
0x453f1f6803efB6cc081859b533Ab9f230740d9A2,0x0974c66ef0dabd88ca29e150ff3fec74c40368005f697d1b70fb90008df2d4a1,WhitelistUser1285,0
0x6faf496E1afc6eb586C2BFd75CAd0d64f9bACff6,0xd82214f336f74aa741b0f6ec2c071785e09dc71772565902575a439345f63734,WhitelistUser1286,0
0x6E083c21C616013877Df37602ce3D1014FA7FC3e,0x8b063e2ac231a1aa2fc394a228390a6a73edf78962d0c5fc56747c9b5e648bed,WhitelistUser1287,0
0x621C158879Ec1173CD982C88DcB921FCb0Dbface,0xc9442ee21598b03e3031bbfc78f0ad119df60386967003e96137f7b393aaecbd,WhitelistUser1288,0
0x5Ce4dda991F39fE1C43ED5d153d060802e6c33D2,0xb2ed5407ea1b5a6f279d2ea17f8986403c27c885c9cd663e6502127a3284eac9,WhitelistUser1289,0
0xA7ae8392f7d7A7c1D960Be2C786828282b911384,0x56ead17dca454405a44048b30358eab22593486986af57c1e73a1d88a80afccd,WhitelistUser1290,0
0x8bc033CAa188843e723379B05D4239c4032570d1,0x5e13fa6c804e5459df15425c7d47a1db68ce03226646a3f92ac1fea87e1553e6,WhitelistUser1291,0
0xcF6E2b6E41afE68a7CFc3ecf6862bDdE3CD0C5C0,0x3ba30bcb80312fbd6b6269c28a5f7d21b10d52fee6e123c1c878df596e041896,WhitelistUser1292,0
0xe82714C50C3DE82A58EaFc85038b8De9d66A9d64,0xee303cb0969f780c92dedb71d92ce603e5677210abf2e3f82eb46383732cadd5,WhitelistUser1293,0
0x322ecCdA55e8D52Db8A6820c38A9c6FE4D1175B4,0xf4aaab187e115d34b75fb023163eaeb8365db3b323439aeddee0a3d30ad60955,WhitelistUser1294,0
0xc285d91B8F111C9EdF506Bf9eA84513eafA3Eb7F,0xc8b5daf8d8966618171a715a041e4773831fcdbfe423f591adc71782f131fdad,WhitelistUser1295,0
0x02620Bfd1a8548986606A1c360E69eabffE95e82,0x5d55b363f426ce1143cb1b25b23b73983921d25fcaf7734a440f9fa93bbb7bf7,WhitelistUser1296,0
0x003B5eC0C9545DEA11D1Db8CDE81c60FF8BDcD6d,0xce0ad479fda438d657619e41d4d952dce04f78cb5d7cf60cbc4d21054bb3b60a,WhitelistUser1297,0
0xC22575628c80B0d68A9f2CFb8714d747aB8e4D20,0x7014c6628df01ecec5647fef7e12be66de5d787c8d3a6330b787fa2e8e6e3e6b,WhitelistUser1298,0
0xDd98A1b869877E0c5757668F97977E53838Bf7F3,0x73ef942ca37d56355f35130f7626f8231e095ac7e0230feae380edb48a1bd8a8,WhitelistUser1299,0
0x9f7657b6D5FeF3Bd469223fB782E9409c2Ba7557,0xa8d6a61cd0c4893f4aeccb50078c53d1d8e30e9812a228259348037c367d556a,WhitelistUser1300,0
0xCfe1d7e91F4583DD1D4734381D8746bB02B80eB1,0x1d4fed2cb863f06f5f0a6131a1bb5bfbd7aac69633cea9e13b17baa54ffa39c8,WhitelistUser1301,0
0xA82Ec6687998e5dC4B2cA324f8CE63baDB9055c4,0x15b3699c16df9fd4009565230fea07b559495ee380e10181fdaef39a74461fab,WhitelistUser1302,0
0xF276dCf1B40a6bf3A8A2Bbc6Bc4A927F88EB500B,0xf42b25e56b6ca821a92575c40875017f4e88c6c7189c21a0bc0971aa1803686a,WhitelistUser1303,0
0x2049B0D9eB96D330430e010fD883BB475Ea90036,0x7a9bad6aa73e5660c3d62965b2dd0b67b97fe538479958f42a5e826e201468ce,WhitelistUser1304,0
0xfea0b2b14533E4B84DcE15ba0eaC84CdDf0fcdEd,0xc9a4ae51c6a07a22203c0006eb937ff524a896b480a491f3d18603b686848d0e,WhitelistUser1305,0
0x0E87a76044C30Ad769a9c1A69945C1E14d79FAb8,0xe80539215f187dcd9c48bb59cd8e77ba0fa7081a94dba3354a5ae60b576931a7,WhitelistUser1306,0
0xa97b52c3361B83C7F32F3AD864413f82b195b915,0x3cd45855bab60fe6bb739678f818ffc8d0b53a71339a932850b8292a1f88dc8c,WhitelistUser1307,0
0x8f845714C92e0ceA6C9EF59805fDd335e71F9430,0x0357c394197569b6b4500f394f609f989e8ae20048c52f67fb0dca4fce0b5f9d,WhitelistUser1308,0
0xAf9EF04FDb325Cea1cC47C7808f7133CcAC43547,0xb9bada9a122c081784b7a57674f5ad7461c9d7af2bdc769a9bb022a2e1f817c3,WhitelistUser1309,0
0x55e4046938540A32a4e4BE3FA21aa4F670840ea3,0x022c9a365b3fdc64af8fb0a29ccfc0522ea41103a1e8b2a6280899fb386c1267,WhitelistUser1310,0
0x727fe22feD8F497c7aE658fEcA5D5f2120bCeBa9,0x10e67de3ec701c44d0a183f73f3bc43e3fb18b86b8c10648f8b93ce1e00cc7a6,WhitelistUser1311,0
0x78727B89CA2973E5F214DEcA746dab859BAeab4e,0xad4256d22c5b2d62d905212083c30d3c52c6ddcd3d9c6b2e7d5062e8d781224f,WhitelistUser1312,0
0x1097EE85b171ebbA5676B1a25fC4636f6Db96F34,0xe575b978cc9825c64c199ad67c1cc69b15831b7116213cb4cce9df6f7f3d6dc8,WhitelistUser1313,0
0x1EcE02E8Fe93F59597c833bde9B99Fd45F4D8Fb5,0x026c817566f6b788a46f3b8ca972ca7113dc4eb1434e3d417a0999a345a964d0,WhitelistUser1314,0
0xe8Db681e259e46688418A6842fD403E18dA9Fb38,0xae19efd5670802618114cf01c55f8d6b6167464cd738cd9bf869567a1890836f,WhitelistUser1315,0
0x5eC192134dA115486bA932DE11BA36BC4199ecFE,0x1b5a71780aaf219f3f3bc4722eed14476c51f88ad248c61519672297417ef048,WhitelistUser1316,0
0x95Cd22428E3D585DB973b1466F24146e09a2Ba7c,0xe808f9c5d39621d91ec5e223600ee65560593f11790cbafdda4ea02db78f39b8,WhitelistUser1317,0
0x626946DB8Fd2900cA74800c05B3a8C506b1dC4F0,0x3ffe07feb81c8e0680eb34a63008114a3cee109bf867ee66c8842bdcbf9f206d,WhitelistUser1318,0
0x7a7A175936e11CcD914014ec57E2a08Bc147c392,0x6c7b77b820e5d1fb8e35a81295f25350987b6c42bb6cce596f7b6efa34bf758a,WhitelistUser1319,0
0xde1cF760B1c8acd68aE52e1BCDA8D18b1eBfF64F,0x599e15dc52390ba431563109562ec330e014a17f49c2ae02f4173ddf5b55e43e,WhitelistUser1320,0
0x4DAd6B31135242d17bFc96569aB6C92B9D86dD9b,0x55a3626230ab10a337b0478330903c64d298182c0925da4b8b39d461353977e8,WhitelistUser1321,0
0xc35133Fa1F9ac13253E63E073224Ade914435434,0x11f98461d11eb601ba11d39a8d37bfbd6d18a7cd3ff003d29b81867a5a045805,WhitelistUser1322,0
0x0d1985Be708168AB9F6D60D730012fDF380c360c,0x5624863a3f4208a6d6a496f17b1dbdc4df0abba454d4ddc87a6dbee8f9dbb077,WhitelistUser1323,0
0x858C3B10F4dd3B9E0a1E24D6A27A767aE996EbcF,0x0971c58df3a3773567bbe0f7c2f70e6fa15a5f420ef7e8edd54df3e3ba121282,WhitelistUser1324,0
0x7615Fb87cbafA779C38a239BB2e32af2a05a8af4,0xab922daf8f2313ccf7d39d0cc1d0ba7ae4147019980538f98be9d45dee42fa7c,WhitelistUser1325,0
0x949C8eA0D850a34d23d389D924a2276d1763A906,0xd66bb09aa8cb3db9c58fb1b4b14498928372917152d28b354b6e9e6e4e885874,WhitelistUser1326,0
0x5156c9d2C42AD6d6a7C7D3aB9789aD29a99C576B,0x6f4d2488c39a6a1ef5bf8603d60f8ed326070e14760dee368059552cee110c24,WhitelistUser1327,0
0x307855eD7442aCDF81eEAA1f0CFF7ACF9a707dF0,0x09834d752c29b30ce45870e9dd4525e4762b44dc66a9c2130ad6c875fa58639e,WhitelistUser1328,0
0xD24107Cf2943db715d0f7e6f489372B004f54253,0x876ba511ce638a880654de104b4ae4eacc9cbf50cc93edaab81ef394106d41c3,WhitelistUser1329,0
0xB1a1C2AeA0B2827cEef862f47da6e4b79647FDC3,0x24598ffcb0bd31f1711fd3735bef943dd29421834065b509907be3d52eac887f,WhitelistUser1330,0
0x05115913180Fe645FCB520435594113d1F3CA968,0x63dee6c11ecf7258bae4206be7e2a47efbe7315f90621c15757916f55c25a8e9,WhitelistUser1331,0
0x44022979A401FD8b3786116Dd988922d3e9Cd6b1,0xf3f11ad106ca779a4abcfc862654b84857396141fc20e3312aee89b888441d9d,WhitelistUser1332,0
0xc7Da09Ef910e322471bb31784C28B2844b93D7d8,0x8f436c79511156e66a6768e6051799a26dd23c7daad6432e1b92bb04bd9a9634,WhitelistUser1333,0
0x7a9885fD3a2A2E3e6fB790322928b025fF56abd3,0x87d3f70aef0ee07ce06b0f88573d3f996652d604e100c1f7b6fa0303107e1ed7,WhitelistUser1334,0
0xB17faA05C7AED6A70398Ed17D5C3424E972c3c02,0x758b809928be23ff430347f7b088ffee0e2b55da614c407d9a419adb533e4ed2,WhitelistUser1335,0
0x0e026208d9DF23B01A410F5D868cfEBFBD96EB00,0x3e6a91a69bc2bc555220a70b7f10e35fa23f7c777a2ed5833b681224b5af3f96,WhitelistUser1336,0
0x10232bDcF9642aAC59808F04DDD5a5230affc781,0x09c8f1dc806f3d4af62a091007a7fec1a68a1c53ac297c2d203a67073f511e03,WhitelistUser1337,0
0xEF995BBF6C59a09ccd889857421F1d250B8E4bbF,0x6217f83fe0fa3e73a65ca2fd5fbdae7f5b43629b39dac7b2b7dc07a692666aad,WhitelistUser1338,0
0x50FCcD6B674Ecc69F123438EbD6a9B287aDbf31a,0x24d410cfd013bcacaa0d65d33bac206708e94bddac257660e8ae3b161b723620,WhitelistUser1339,0
0xe283858B6CD25d1AA14a1B9FFE849BF08fDe8182,0xa6f8e9b52709fca74cdeef4bec0075b6085073cfd08af8fa44d86c7f5433b04b,WhitelistUser1340,0
0x02783Feb3713AC994670E9fe96592705C06c79FA,0x7d0bba212ab0d5a57576fff473409705ca3920aedb5dd9c7c69a327d80bda382,WhitelistUser1341,0
0x2b668Ed614649EC8d1EcD7Cf7B058DC6faE334cD,0x6736dbf8eeda55918211e707e1901c89e4a25d222133a42f032c5b41cf91b7fa,WhitelistUser1342,0
0x94c05F7C11647e95aAb719Dd5dC0f5645EcF199E,0x98ac1276859c4b2adde883a74d4f96d2bd1d1c94c8cddcbb228fd0d00e194255,WhitelistUser1343,0
0xCfe7d8b16a1E80f5FF5bA267Ee9Db3d010C5091E,0x634ee307756d93912422b68b21b6c4878c4a2e1fecef90ef7c220c47d5f4cc7c,WhitelistUser1344,0
0x789745982eCFD3B0647E86e7E1A5b6109e9477D8,0x8eed1bba03ba4211e83494fb5ad37ac9f35ac637b20317a470caa879cdabe3d7,WhitelistUser1345,0
0x69ea8D288f6A6367966d1fC43b1723A47b2fF633,0xde506dd832d0312782422cd0f5915116f9a7e9d77319bef6f41c831c3c2f85c5,WhitelistUser1346,0
0x772426314c4CD1D57d4d9AE32e9eC298CCc06Db8,0xa4cfb5317af315a2355daa7dfed14a3d83e81e8b668028b69d07e2952a5f2184,WhitelistUser1347,0
0x6358F4d39337ff45f5Ace02601F1396c5820C688,0x9987616a6995fe790b224b601fe321ef4ade777cf6e2231f24cfd3fbd7f5bdb1,WhitelistUser1348,0
0x58326DFF5E578f9D02d31d0074C69f118F9DbE94,0x8bd4674e7edf69b30c2cabb533de3196d9befe457ae31f989dc3178565f0ad51,WhitelistUser1349,0
0xDA47Da61fF50c1C3862DDFA516871434928cd609,0x4dc5ce88dc3d1fba6a0d315ba41f1c1edc1d7f58dddfcaa398fcf39fd8a5656a,WhitelistUser1350,0
0x7F1a011cd1593E93ca08160E17725F634d8Da490,0xb375ccf78c3721e139e0bc6cc43c2bd61db7544b90c27db64370afce9e284903,WhitelistUser1351,0
0xAe98CA2B3b7B85ee24685717BDec3fa79Ddf1915,0x19d2086759de048bbb6516f2968b669b7cd8cc2bd593d5e180a0d95d998ac6cc,WhitelistUser1352,0
0x53de427B636780A81c96049Ea180f4DF2B304b4E,0x6d149fbbb079902937ce79f7fd486650919a58ec0f1966071a37e3194b45675f,WhitelistUser1353,0
0x8C3686BFC5841962D7DbC765dE5607C336921281,0x410f9e1e71fdd0bf21569cab8e9eda804a7b2c972d825879e480ecfa23de5a14,WhitelistUser1354,0
0x3Cb084a2C7e523D1898F262459aB3E3BfC6B9B95,0x79c923d01f9dfaf5dfe0c541e65b60abdeb0304bfa41ea87aec223e368abe4e5,WhitelistUser1355,0
0xdbD1eB7258C18affFE0b37963EC7D915AF076Cf2,0x230f9b0d6bd6c1cd611611faa4ee59e0886fca769a25580f6ecd0e379d67fa57,WhitelistUser1356,0
0x3e94a61bC356A14E8CFa831761F6d5fBD0dD3b55,0xdffc57ac0bfe12d1e52cf4b3d5a6994e4d159b60d5747fde2ff4a711b450b29b,WhitelistUser1357,0
0xbb4B53323E46aBBA74e83b874dE47D72eb04796d,0x0a3dae90068a9c462e0c182fd8490ebfbbbd08a3fe831efa44a87dd4a02d19d7,WhitelistUser1358,0
0xA4662a2C2d5122a0403f697Ee669154F0699467f,0x1cbea97606210a88940cf9a8aea2f6ef88ec45bccd51451eaa4ab1aa994b3fcc,WhitelistUser1359,0
0x4A5B76657aB884c3ea73E97E74e5ddAc72E09B2e,0x052fd40f7d8e8aa981908cf5a65591f94d8aeb464716fa40f28f5d5290d74064,WhitelistUser1360,0
0x9FEAAd34F88f5d80193215827ddb2472038E4946,0x8e5ed005abd122d8fb022a11fe4b6cee2d42813f9e8ec1db8dbc259aa7869051,WhitelistUser1361,0
0x2767D3e8FC8a87eaF6C5DB9ded43bDd797D1530A,0xc9ef0007e0908899ed33d894b2c85d842e969f1868d603e4b8ca83d487421f28,WhitelistUser1362,0
0xe71bd7db2De9C6A679777d5C2F6323380596A275,0x65b5fc66b346382f647d3c32cf9a6f660497f210d687ff964d178839820a5c1a,WhitelistUser1363,0
0x8C90dBFfcCF343aB6DA88623934521e4E7A753aB,0x6b56a6dd9c9a460a14f51acb05aa82bf6bfaee491889599b8ee69d65e75ce50b,WhitelistUser1364,0
0x8842d45871794ad99A855f71b6Bdd25e2dc07D8b,0xea9f98189ee2f3d4e2d30292d9a957589288aff375558821dc5c134085b800e7,WhitelistUser1365,0
0xbC998D27615CE57fC36Debee7250430a33710274,0xc5cdaaac1cab892c668b43082caaf8c5a323f73aa8425867a0de9d4cbe1c0249,WhitelistUser1366,0
0xf83cF1D00926eBF8499621620fBc87bc87b298B4,0x07e16688a6c2038f264a9a927d92c195862e56a91f16ce37b2552aeb20fa5c08,WhitelistUser1367,0
0x3eD10677cfC348563133a3ae0e29b55B86972B5F,0xe3164833f804db2ca004a33ea161ab91e44cc042b7e50704f1793e6966b3142d,WhitelistUser1368,0
0x56D54f777F22809696AbE3941ef783Dee4F9495a,0x0113f1589cdf65bc05c628a9620542ece57b10409a13f879de3db39823ad4034,WhitelistUser1369,0
0x2C03aFc144aE999a4096d958364F8F8094a235D9,0x576a3f1fc4fae0ea89c719da214a1aaad6080b83d7a11354dc92db5c3c54ecad,WhitelistUser1370,0
0xAe8A1D348406AA21A045dac3b2f35Cb4C27E516c,0x3556abd04a78050eb96a68fd65fe8100ed01bb4806bbe1e82417fefdcf61b82b,WhitelistUser1371,0
0x50ed6A6280c8f28B902E1eF30C2fBA3a7AB46d46,0x6f3630e29179cd75468289bd17cad9a0f9a5ab8c587c06d976016e9d7ae9148e,WhitelistUser1372,0
0x5ce28c7159a8Cf545Dbdd9Fe4d28dA2237626810,0x9b0a37735151481873ba24df93d4702dff498b58b2158953dc1165e7142091f8,WhitelistUser1373,0
0x97C5524E17DD0B55019f80c8729a33a14Cb09435,0x76aa322672dc5b94a31aabb5e3828add8ea132d6b97c048a4c7609bc69ae7f90,WhitelistUser1374,0
0x853017293c4FF1b768f71BeE1F74D43c05427702,0xfbde38ce1e870669575767d08777d0c3071ddf3bc8a7376fc4dd8ea128c5805f,WhitelistUser1375,0
0x08c977a30322e4D5BD08AE64D6E1462df09e775c,0x96cc47796fa596b3080ce0794f976302a8072a5b768e03daacd6ede385b40768,WhitelistUser1376,0
0xE9e0B39d58bbFc1051a0AeDC1740592cA029DA8D,0xc386d64cf00bcfd269b56561192312e288dff38bd0673a22cc0df356697875ff,WhitelistUser1377,0
0x377520343Cea5dfe8dAab85c4bdBDA166706a6a5,0xafa91820ae353a48a63468462be0023b9d3d61a39a626a5b2c124fc4a46407e1,WhitelistUser1378,0
0x6dA326ee766B54015F2429D46642Ce85117ee060,0x04d0d905f71471c6b97d6ec08181d1f52bfd903c465831b3c996497e199f2e54,WhitelistUser1379,0
0xE1a797643F4c65C7484E9a3bf2F8D0982A0d4358,0x94f205c52b21e594e13ef9ab0f87010e62d71d490f1da61c40122b173440978a,WhitelistUser1380,0
0x74c9314566DC4eD258C0D381F00E1d37f9283dE4,0x9bbe46f79179de772ac9f4047fe828f1108b6590fe1e1e2dcdf1730778dffa65,WhitelistUser1381,0
0xBc7D4Aa0dcb03EF89EeD78FEca8d9481F74964d3,0x0f983515b0bb222bddb7060a460f36d7a7c0ca9b9f27b2cd972b7f9043902144,WhitelistUser1382,0
0x7D65B3e86E960a2CD109a7640b52CE14074B0cC1,0x3a26bfd671d265d513ab90fa46636e15e9a9e6eaf0c30b96193ffe3b481adda6,WhitelistUser1383,0
0x79e87E6cd6d0B22E997d106B16B2c6B356c4DF54,0x0b433fea55db582bdb18d36d0bb67981401f0f07cd737bc66b257b20ab2be1e8,WhitelistUser1384,0
0x968D5C4D1F4E403CdB9504309dFeAA6c3dCB3b4B,0x1743aa7a2391b7358c3680c53d15ac02aeb716cf430e5f251d201970f68f8b2a,WhitelistUser1385,0
0xb405d80B7E1904e0b7242576ada86836e19b6F84,0xce5553ddde490026f81d73330064e7aeebc8ccc68529c3a617e493db903ef6b0,WhitelistUser1386,0
0xcd9ecB1ceb7aea97a2284027e1c42373b6D4dfD4,0x01eb9accff1ebef839e947d6d13ef6d5cb2a65c07911b2fdf9de589efd366057,WhitelistUser1387,0
0xd61D952b56f2f234060faF631c93008979b607f3,0x2d31d5a07418915c466af8ddcd268a6c6276fc366e24f122e556fee6c36f529f,WhitelistUser1388,0
0x5882aBe86abe630bBafCeACbA560C80C8f745f5f,0xe4344646d5b979e48d38b3a398b54203dc762a318258ee260cbba2d026742bfc,WhitelistUser1389,0
0x74179b1095936b9a7aDd2fDfefdC1B89e64A3192,0x73bb13c6a18a425b7c4b3b57ae4b78bb94bf1de0d2ab73fb5d20f722ea46cbca,WhitelistUser1390,0
0xBBF14599C6A0f90c41D97ea83f89F6133e6aF0B0,0xb6d6d004eb34c0383c9ede3fc8be8a162be54a6e3e3aec1bc11325ad58fc85b0,WhitelistUser1391,0
0x2976A0162fa9Bcc2f6955e0e419c05284c51A0DA,0x6eb48f4b28c403c08c680aebcaba34ae2d77525d5703d1e0ff225bb9d1f376a3,WhitelistUser1392,0
0x541c83f33E905064eD8D13b8aeFDEB8288aC1D2b,0x03f901fc977bc922567fbca8ff27ac9f003208bcbc6cb87aca5f86192ad75ac0,WhitelistUser1393,0
0x6DDf98DE5d791535Bb93bC1B7EFd0653602aB133,0xa85f3386bacc705520b27197675d6602f3b0c9c2c2a7306778cbf6dc35de5387,WhitelistUser1394,0
0x35B840522E95ee8DEf95d155784890C6D8585eEC,0xe28a133f0e222d9d7efddd79c9e57d25728251227465dd26626fca1ce9d53952,WhitelistUser1395,0
0x824edAcbD8D09267C03397D5D4353c532178D225,0xfd7f7ea04c5aee89599cde3e36f50ea3dae198c725116a6d0acb96af80f59516,WhitelistUser1396,0
0xB24eE5c8d3c921C32b54CF9781a80a24854AC692,0x3208ca703ccd35a79802bfd6b598ff060c8e797bb5ea655670915b693c990eb5,WhitelistUser1397,0
0xC5A550170B4e46C0E41BB9C520e0D1B7A8F1Aa07,0xa1bcad0f62170b44d254c665262157016e3bb3c2023a060f9a48e1837012284c,WhitelistUser1398,0
0xA39AA7C568942b71EfC3f445540Cae48Fe7Bf819,0xcee4f7b1d48a5dccea9970122fd01038786d3181dc4c50ddb02d212b06214507,WhitelistUser1399,0
0x7533b787E32C52253ca9e80628D42d9C78158c1C,0xcf0a3c4076be2d4adf13c2954171d43a4b8c5e2302f4d81b850a897c23ad41e5,WhitelistUser1400,0
0x4fa388FA6218F81EB80C7C52B3c03155c1790480,0x4856e03154d16e775f78456b24c1facfa8ad20c4921de9402dbf3aeddc5d5019,WhitelistUser1401,0
0x858d566D36F45cD62A39AA51aFb54997847BA42B,0x94d2d2efa5dfd40c51f5a5f956919f4fde7224f06bc072a968927fb6683ff56b,WhitelistUser1402,0
0x2390FD651ce1C6015bB1B0B8ec92D28d7E743D04,0x66fd2d11462cc40a0af8529cb9db2d542e8fdeede28d0ba00169c05ba30a063f,WhitelistUser1403,0
0x28a7E814088e729FeA4fBCD09ECF7f55DF298cEC,0xe21001435d624661a6dcfed249c2a37e14469003c65811837989a4f22f710b19,WhitelistUser1404,0
0x7796B838cf236a3E4A98aA6EBcA68170a0E76c65,0xd7662ac5e323e5c3f39cc5de469d8181e6dd7cb7aa457f00f5e9b5fd3e02701f,WhitelistUser1405,0
0xAD52587bE8a70D497e1F544F7aDB42f4DBc11e2f,0x44ce8192be31bdeeb18d99308c29170dd8eaa8e6c471aa214abc638322de4cb2,WhitelistUser1406,0
0x87b68Cf25B35CEc59Be1500aaA7d0A9d0E7891f6,0x6c91967f49a9b41d35fc536abd808d2087b60da0a5a746fbabe1f427a8a9522f,WhitelistUser1407,0
0xa403cA8B962A3D9E3eB5f315bf5cCD9d19d0D1ff,0x89548c24bd87a4e9b36e0a53a8484515946b4dc0c5308e44e634191c16c5e76e,WhitelistUser1408,0
0xe26a90442017235B6ab82929a3Da8Ce7FA257eCf,0x3e5a1a90e0631e2a70ad334767655b9174ae789a8e35e96cac3a36d32164962c,WhitelistUser1409,0
0x93F297F98a1656042D60E16fD09efD2a7fbBdEC9,0x0ccda75f7939991775d460904ec2e59024d160eb0a8e6b498b0b42b833789aa6,WhitelistUser1410,0
0xF085416eCA7339529d081853C9F2f5C0276dF3cE,0x5494345d57f70872e9617ce17169f3fdb78c1e20195a9d4b2ced3f626480df54,WhitelistUser1411,0
0x17f25e4b5180282398579d1B6F7da57AA91b1dB8,0x21efe7b1bb7a658a2463568168c512b7975b120f4c64db8a4b1928fc6341d0b2,WhitelistUser1412,0
0x7E9C83c5c9F6861F444FDeEeDdAE0B795eA392b3,0x749f8ed8f81f7c2a3e08dc97adb1ce0abf4e9f03e366245d8b0f0dac123db3a8,WhitelistUser1413,0
0xEa0E212306D5526a3b343646ADe883b6b004214E,0xbb5db1ca5ce964d593eee7cc31df898f809881e61a0bb08292feb254d9a292e7,WhitelistUser1414,0
0xdd385Ce660b92F7855bfe6A90853435b93cD2397,0x771e5ba5d55ef5a0918b6aefa28f5a1a4f9e3cb4ea62fc4c99e4ae67eb80e105,WhitelistUser1415,0
0xd645Bf345Ed345441314D42489A6F3A4D1F2BE16,0xaafe58dbd8c255a6a5667906a9ef1bb2d18882e88ffe3b9848cd254c311174a9,WhitelistUser1416,0
0x998D603263829D790c5038BE168b3EEe28418893,0xa732ff360479cf0e47feb52d6e6feb50d6f0cde32742fb3f484756d213342f07,WhitelistUser1417,0
0x78198bA2DA2992C7C20C45b5578F3A88CF16d62f,0x35c3dc0db2de542b0e2603ab281e3f61881450bb53a7525250627af3c9b8f82f,WhitelistUser1418,0
0x00fAa560eC1DAE52C1258946C2646E8a81B2bbBB,0x30dfc1eefdd2e75ad28b514eda81d5bc5ab244a561ccfb4f6f0ad0acdb0c4f92,WhitelistUser1419,0
0x7D93861d8D4627De2a5e45F7BdDD0475b85C52b4,0x3d826dbb1157784f5b2c94ffa16aff024c537a945ec1345ec9223f9bbcc0e893,WhitelistUser1420,0
0xd5e8C7Ca3513005cd8Bb59620712675CD8837404,0x9a97306b34eb30efc4e85af72010763491459ff061f24ae9f3b437e782b341b3,WhitelistUser1421,0
0xFD171b15d0F117F96a801eab9B908A1f4f78F779,0x99dd62fdc218e21a2d5635358f1d29f9e6a5011a675d05d31dd68a0187e45cd3,WhitelistUser1422,0
0xFab4b09A323AB8aA828bA59395F1C5F9c450e193,0xdd6f8fc666af7b0baf3fd5559982de3c005331ed140edfc8e62d40a8f3ab3233,WhitelistUser1423,0
0x7e55313C3b64a9e4F179F3c8ed83B556762e6BBC,0x6703e1623a52367c77c112931b15f7f204f6df0c48c00983c2202e199a6aabf0,WhitelistUser1424,0
0xA2c2Ca25C49782233E2e6fF8eb01AaB7BFF42B72,0x5ed90fe07e56244939fd843f7cd9a7054824d94852a519c13d4de443a2fbbec8,WhitelistUser1425,0
0x2779778302f7954F9DD552ADc58dC9B4C9F0F32C,0x81b96cc3ca5418bbd475791c55e7d056e7250d7df667ca1d51805f183bdf0bbd,WhitelistUser1426,0
0xCbF04D13535Add6f24afDc90A25298108a39952E,0x9fa6de0a5ee4469d818c160af3af3e2b16f7a464ba084d5edcbac1c077820ebd,WhitelistUser1427,0
0xe9f54B8E12E9b807334923eC77DbC0DBC805625b,0x8f338c63a156402964adb2bd10a783d17e1df6462767a053c567eba5706ad7a2,WhitelistUser1428,0
0x3e910952E92aEb75531FEC1a62f4146dfF467524,0xb768d05d90f8c4297ae1ef1a091213c1fe37e127c6677a58363a1d508586e627,WhitelistUser1429,0
0x1751183D1B160485e2Fd2Dc8A895Ec7EB1045e13,0x6717e895ee0a2409a67e83a90ed2b25f96f242eb3174ae1b22a2475d27b8ed19,WhitelistUser1430,0
0x8112B9e956E23e73dC31C593baB1853d6Da1C230,0x167dfbe20f7f49142d87edee7c655196735357d535eae43fd8d347aee2ca5e67,WhitelistUser1431,0
0x83Beccb839cfdaEa32d939bCa6009c254259d1f5,0x180c4889212b1aaefb15cce25e181bc8a375ce35cfd48e2f22e745e61cff0a88,WhitelistUser1432,0
0x2D4Cb76eEEA7ebD6779a815C8e45d457d9c9F5d9,0x511ce031102e3d5227c7be02e81828897c8178e0282d8032104e504d3accb1db,WhitelistUser1433,0
0x2f1Fff5Ec1542F6b096587D30CBf01baF41B2175,0xee93eb533b86572f5f068e17376402eae0f6321fbd1c0c56335f4c0be96c9325,WhitelistUser1434,0
0x3584184B88658716FeF5507D6Bb3Ca2347b9360A,0x38b886a0aa01975aff1373dd94fc6e3e58332d2a64dd3bb587a2bd2f51ab608b,WhitelistUser1435,0
0x9398AfF5f66955222f0Ecb66CD5Bc10d54d6af22,0x479728762bef3ac275eec1056c4d831c61c51e6468090256cd41321d39ae57ef,WhitelistUser1436,0
0xf338a36c5632D88CAF4DF95091bdd0cF07B346c7,0x842cf900aa82856dcd2b0edb6ab4fce94f840efedb42db322d8bd664c302bb89,WhitelistUser1437,0
0xD10D7b80b6F87ad6F9831739896a0a3008DfC4F7,0x91e99ff8b6ce0adfd3db234ac8f97f8fec4cdd0dff333bce5d2ac4e2d0b4327f,WhitelistUser1438,0
0x36DcEe189475c6AB20A3d7C7b7F3144C4CBa3829,0xca8caa00a087a8ccbc7c81600cbbf78444666b831d2c85e2c01a0d224855bbcf,WhitelistUser1439,0
0x996DcE67D79a14cDC13dC4AF7590e1d2907BdCDA,0x0e6ecb8197e690d54fe24be7f7755895bca40f99d9a87301dd899c55e4a71289,WhitelistUser1440,0
0x678c36d12C14822a7bCC798c002b78E537f75E74,0xb47ac78433184e9611f6adf4603de6b14b9003340ab31c9549d3a9f49579f13b,WhitelistUser1441,0
0x8d854f8e577a840612bbf83C3Bb52Aac7A3e5f19,0xbd3e7f953cf88883fd5af25e31265b9259bd536e507712d311c85b6883fe8b13,WhitelistUser1442,0
0xB09942AEF4b0216120E723CACcD5888237063624,0x61f17e09fe659a4b9c1f5f7c04f253c8e64e57e4d38f380318072d8662ac0a11,WhitelistUser1443,0
0xB428a3230caa2718a3AfBb36e25225a4659e1Ed1,0xb44f07fb07c1f666cff5ca0bd4edb1dec29d568e1f64839afc581f076eff195e,WhitelistUser1444,0
0x431670730b8e29F3791effe14CfB6F554758B8d6,0x44b5f4cfec85a5c1c4dd5ee2879dc3503a398f3385c9c19bd6ac8446242a34dd,WhitelistUser1445,0
0x509F61732eEf5043c83E9fd7a59A8Ac760FDcbF9,0xbf753d7053d4c199e3af2f3829753b3367c0c98b5a600241a6ce6b8d045ba535,WhitelistUser1446,0
0x77d71FE865fBB1B4812024276f437d38104748A4,0x37300bef2194a7424561a45ec29d44f623023e68f9e54d71bedd5e93c80e632d,WhitelistUser1447,0
0x467004050f9114Fe7f9B964f6DA2e2A6beb0224C,0x5b164063d8ae575bcbcd35c5ff206614ad505fe9a172dee2c735a54f62abfb50,WhitelistUser1448,0
0x4a7712e9e154FB6193F92d1420A62E9F18B0a043,0x39754d18ffedbb16d007a949444ecbff224fc11f06b455f65a69f9459bdd8517,WhitelistUser1449,0
0xb88b22Ab3faf1f99510B485622Bc0E8D08082158,0x0fd47dee758d6d502f64983a3b1f70cf215f385a72815f4795a53c1cf15c3628,WhitelistUser1450,0
0x2f832e9170e16D1B0e71CbCcc4fdfDBb7057B0a4,0x787bc458ca679bd89ea60c1c0407acb3f3b18b1ca35e562345c3bb62dad6692e,WhitelistUser1451,0
0xe600a32293784Ab01Ebc87a5f9FA5EefC988a44e,0x0d2db3bdede02084859713408decac3b75feb68782cfec0337eaf9acce10cfb1,WhitelistUser1452,0
0x3cD7a122ef6136D737828E2572E609F839Fd2f81,0xf2194cad5407230f611316b1bb9eafeb83897bd1a0b5f0e151102c0372f17e5a,WhitelistUser1453,0
0xD738ABc97D759c9C7Fe1dE55E4cf7a0aF3C513C7,0x59c8882c745fb1befc7995af8c493f7eb7d6a9fac11d527f3a5a92bf4196a6eb,WhitelistUser1454,0
0x9C85c351B68e9BBB7C77a24c9eABA71525102A51,0x3422813a1fa8444ed84f09f45c4d103a1df172f96a4772cfec7764cfe6c69f3c,WhitelistUser1455,0
0xD87cc7091E36a30746A0188C1bC1C40585e76DD9,0x4952d773f4a9a22836a8bdbd67e94804652a1c7a44ef45d848957b2c3818d5ad,WhitelistUser1456,0
0xe1023D963B50023C42de753d76a651Cff65302D5,0x299b15c49a9ad81ef1db57a977aaf8b4a3b13fdf9e5ef76b0e273ae833068cf0,WhitelistUser1457,0
0xc6bD02715b373a07E0f68b4026a25415bc606af3,0x0d43660701a9a66b20f21a05e58e2aad55ded050a150352fb060224324a49d5f,WhitelistUser1458,0
0x21341fd9C8677b4b396D12B136efAcBCAA932FE0,0xcf1870591250b353470106be7dedbf6922dbdafcee4fc6cd44f08fba0a8bf9db,WhitelistUser1459,0
0xCe63fD1a3c94c753683Cb301D58a96755c9064C3,0xb67d39a7f1d2adff0677d9dfdd1739a10444f9201dc7320852842420c75a6861,WhitelistUser1460,0
0x455efF29c6B1e2AB4bb8d58BCFc27e9525811B15,0x1fc085f8b72bc6ae106973680e318db0c56aceb50b52057c619335e9eaea9215,WhitelistUser1461,0
0x7021BD0FEb7740610952ee4bfa015111Fa9CCfb5,0x4a0680e3b2d3fccbb6246b1b244b47c9e4fc26cb19e018df2a3e4f390186a974,WhitelistUser1462,0
0x454B775f5C7D79bEe123ec7814D3c7b444A52eE8,0xea763410496e654f1ebc81ee6342a675d344380a705a2f0f4db39db962456007,WhitelistUser1463,0
0x7738442EfE7F445FD821B6914E16A9ff02Bf6e60,0xd404dda162a8638550e3e4d3f16418528f3aef8022ed9c29c957c3f5760f4092,WhitelistUser1464,0
0x51d9F8515D6A0EBbd7dC70D2226810ddcA411B59,0x3a6779d0a8aaad4787ed65c14544973cb3f374a71043c56ae376fec6f7984a9f,WhitelistUser1465,0
0xca4F4F5beB9728d23ae39E394ccC032B8d3ca884,0x15c8adc977f969f123935b8042a9b38820d8835c2ddc5f662a349eaa61b44edb,WhitelistUser1466,0
0x6462FB16978A73F1E5Cc37280a16a7E69C0Df6C0,0x34a5eceeb396066a95753722ff538529b51fe5b8026de9672e31cf97505a211f,WhitelistUser1467,0
0xfA553e17292A45f7dF8BaA472A816cA9c5b4b5e5,0x0747204315e24e2f021179c6ac615360c32fdf18472af093dae3bd8ae0205e84,WhitelistUser1468,0
0x5c3Fe9c92AC85A1cDf57BabB68053AB4057C68E0,0xa62a30cb4275eea2aa226bc4548556a79e2d2de0944ed6e5c64293ddc6efd0cc,WhitelistUser1469,0
0x5dbCA2A9887b74F5bA363a93327288E36007fFb7,0x601cf8217c50c5dfd029a6bef2324eaaa35c38cb4098b97c4d88abc301d7ad06,WhitelistUser1470,0
0x92aAEdFA90Fa146bbfA91abd24EA8b3949B5DC99,0x639ad2811fdd828521b9a45123790600b724fce5bef25bfbd8ed16bced578723,WhitelistUser1471,0
0x46075c281e884Ab516776361640839dDc4De2553,0x9cdc92495952b9735aa21b2c2f2101778b409f676dac11bd7f34e344ef040a3f,WhitelistUser1472,0
0x6cFdc7cd9900e36b0d2B1163618E2be34C0722c6,0x62d3d15518214f35d7c9bc67055258dfa9fd6c92b9de886bf4e42126a55a921d,WhitelistUser1473,0
0x3D979D7410FaDb42860a7c40965c74CF25Bd9f77,0x7d15238eee457209326b70f06a51c18f1d205736ab4368129d9c19f86c57df26,WhitelistUser1474,0
0x656eCC4B5eE4f9b032784B10A3664a5453047971,0x167d8a7cd71409a06e43a5dbe2fddc92dad74319773ea75fea93428a65298791,WhitelistUser1475,0
0xe10ea98b903FcBeE3839114C2CbC3C891de74B66,0x24f3920b78a561f7b0d421b320ac0606e6229f028e63740a0abb71c7b546e777,WhitelistUser1476,0
0x4Ec6d27EC9CD1ffB4d4021c64E9231B2e4c33112,0x0be7a19bd9a21134bb62d39519d5a5e9aed314b717041adc44ec5896dbf5304e,WhitelistUser1477,0
0x259b98d10DA91FeCAe75e3A3229D8A145c01961A,0x2f0530c406882e1e2febce16bd5cc64253c2ce373bcb31db68c97a3e60676e82,WhitelistUser1478,0
0x371a04A558AA369064df79D04Fb92E3Cd3FBb958,0x56ab8376bbd64b72bdb52fefa7d06eacc3fdc23057bc3743bc3f341592c601d0,WhitelistUser1479,0
0xeAf767b537E527c30258f4688eEf7f7867E50AfB,0xe7b87b1696a68c672c64f3bbae1a7ed3edaeffd2846c37cc1b5aaf6b15576717,WhitelistUser1480,0
0xD0C3f042383c9405bC035E4C948F629Aa5a6dab2,0x7cd87a0fdbe7abc050f065316771a2e2c4e7b0362e657492f1899eacb36f0996,WhitelistUser1481,0
0xA97a244528a9f0615Ee22949432019d4b85b9fAB,0x713e3794cd97bc8513fb72ce3a4238141b599473821545bf76fc41547d0fcee2,WhitelistUser1482,0
0x1fAAe66803e6608e8871dcC5f8a72e26FFA19b11,0x5542e02fc6c5536f8abc4fab7c3a4712e71a7918b1bba3b6cb0b44991d232cfc,WhitelistUser1483,0
0x0bC26e8183EA5cBCDE680f76777095D45A395104,0xcba4c53d4ed39c9aab59a199ed05a21077f68f6559dc8b611ae65a66c83d48a2,WhitelistUser1484,0
0x9a14CDa2Ad1ef468279333E871e5F755e01615b7,0x817b842a65fadf6622e7569583bb86cad4f0bcbdfb0c608ea8e06c5887cbb8d6,WhitelistUser1485,0
0x6Eb74cf33dCAe5160cc4de85A164dB0278761C3C,0x69c470f88c82c7e37e1029ad6a98cd3fc56833ea46c24d7d5dda2c434cd891b9,WhitelistUser1486,0
0xc3650DFEac32A9FFC4c25d5a14FF8F9647E5ffEA,0x7609950a8116b9e42e50ca0f2727e6d1d85c769cdf399e63b87e41d131ea124b,WhitelistUser1487,0
0x0a8811A8bD79437CBcB0C7254002B109bC532269,0x969e10dc568f23db049d966d93616b6b72fd3245262ab41875f8911a96f85358,WhitelistUser1488,0
0xd2663C13D882D4B75E953494E59bdE4C23AE133f,0xe5432983179ac97c55584c290c84e1b78b948a44bcca71df9a089fbb3238b2da,WhitelistUser1489,0
0x703C071B601c08c384eF3860578EaA74C88AcC3d,0xa210aeff40c58f89b0f8611c99cd4073fee09efc81b648ac02e81f304fb9a953,WhitelistUser1490,0
0xFE40cafb83DBFA2D6e5b1c8495370DE9e25B1aa4,0x2a7242e399fecd80ec7ebfa27751706966ba576abb942b43a45006cbf8dbeb9f,WhitelistUser1491,0
0xDd70B123ac8871c26C146645fbC88D9C5379aFEc,0xef99379d3bdf242f0f12f120850f50a03099becd289b0cd464e2f48fbbea3d67,WhitelistUser1492,0
0x5cC5505bdF51Fb94700d87602ceC45EA6c3666bA,0xaa2e346ddd78215837a6e5deaa885e121e24eec5d1a71520d82cd5a95f0c6ac6,WhitelistUser1493,0
0xa2BE2A61502EfD1d339BAf36416bEa40772a8DF0,0x31ee0967952110569bf22c2dcdbed3a4a0f44ea3dcabf4a2b05281da6c4a758f,WhitelistUser1494,0
0x7529f9367ee2696902e43e53C6D104DAE75798eE,0x10030c49d842ca694a2bc4f5af13778e8a3b214ccb293180c6b96b988a90985b,WhitelistUser1495,0
0x01a3C47E87869b3155F3A5fc3DAAc6Ae745AdF62,0x15d69758400154e7dc248c2ad22d2f96cba00f49c1287a71c24cebaa9161530b,WhitelistUser1496,0
0x95fb4c6eab7372a9934c7AeB7B29c8074b2553B7,0x5307df5affd03664210bf201ce1833c098cc7efcbc5fd48f59f508f5bc019733,WhitelistUser1497,0
0x4c62E6288Bd575dfbcA5bE0022200a7b60e9132a,0x9cc11ae82f4877f81cac8814b3ee564316a9f83abdc668b3e696395b41ea8687,WhitelistUser1498,0
0xA8550830c577522f64085a3E0BaA7F7BDb96f40a,0x4f05da05a71012de59b0a170cd5fde3a6325610c330df3e84bac30fe3a479624,WhitelistUser1499,0
0xeF74C2987BE2bA03e9501367b9125E20e4689f3c,0x69f888ef4763aa06d74afc2829a402948aef035ff94ed9a53333e9eb0aed6a25,WhitelistUser1500,0
0x344bD6bFb841465BC47301c724a84A1B9F580b39,0xea1930b1e815876b90dbcd5ab53a31b1b7ce1d0a84cc1d1d67a878d580f9885b,WhitelistUser1501,0
0x97b5d04ba3dA1086c16166b66FebDd0465328FA9,0x7a5aa0d6800f0c45022c49e5bfcc6db25d2559f3b63b7cca2f82a3486a505ba5,WhitelistUser1502,0
0x40C700D48434711445947B910df0C5349D59cd8E,0xf82812dd004a54316bd8c362d93888b4e82a72f050aea8938b6a4d198276e8e4,WhitelistUser1503,0
0x2912F9c1FF997087506307089c9F994DAf8f21E2,0xf9be11570759d499751935cb59ab1b527d1beed2deb242dc9f1e58aedd119536,WhitelistUser1504,0
0x64bCA7eA1041D94924375e8Ba3f64aCD6F0600b9,0x0a656470d1f3b22e0c235f0023e1d091177e0874717d72c62b105e1a414e4474,WhitelistUser1505,0
0x4826bD29B3f3D7559394ae9AeA27fcD95c188927,0x61e1328e76887312440fbd0efd17a601a1918d1fd9d9b70e0653e407657410e0,WhitelistUser1506,0
0xa3E4b01C5CCedC9B0E0001D87cc8aCD0B850ec2f,0x46c5ba3548c618705566f7e80260f5f9ee82cae07de15c2503c811c40d177475,WhitelistUser1507,0
0x4818A405956B7b078a319a98BE85C9CBDA60876C,0x14d25523dd9b98cd5296533c0fad9a12d0dc02446dc4f937dee1b2344185ea91,WhitelistUser1508,0
0x46578A752A02dFA47b510dF52ceeC4F3bB5d583C,0xa4fe9ee9a4431be33d6cd2f9090f75b52de6b70bc485ac48318c7b09414b1422,WhitelistUser1509,0
0x08eF4982A48b01c0c5A5e71a0a8283E8bF4f0b85,0x6bcf92e4d770e8fb554e8559c6683a7aa74c421e077c370468eeaf517ed84b09,WhitelistUser1510,0
0x3C63532499524079ae4B0d514c9bb41c093ABBa2,0x0e8bc8f96a979dadb1cca60e123004f554e4248f8ef3718bc28c9d0eb70fd6cf,WhitelistUser1511,0
0x65AD949333E8BEC5a21D51Ea8F33Bf5D33B0d209,0xe6539bf8ec9aee867dad41d3f6a9eb6f99d8eb778b087927e42b0b84e7227462,WhitelistUser1512,0
0x69fc86F4fE3B66d177f9FE12d37A194E1389259f,0xd02f862f1b5938f61cebe10fc1e188e40356e7cf27fa659f2f4f1fa76081e541,WhitelistUser1513,0
0xa3956FB48cf8a51e201ec0755a2F5005804cCC48,0xed3da8395da21bea31cea706ff7d284d09b4bbf9dfca3b42f2b01519a1557ec8,WhitelistUser1514,0
0x63EB2e005F4848b4EA6DE85EA3735931d97F8127,0xed487fb757a6ccd77afd45d7a81e712b35adbbdf1715c500e4d15ca87e554212,WhitelistUser1515,0
0x1e9BB342f177CD9654974959c2dc08d1f5620B2b,0x12f5252c2e5a15dcd8fc56b02b64e4d05edb68e759afd2f1a4124b962991c3c8,WhitelistUser1516,0
0x53a51B71B9613DF3fF1253ce6B4B5AcB664b69fa,0xa0656663a90ba83fbec754d88593e0315fdc40c414cb00990aef8d5f1ab70370,WhitelistUser1517,0
0x9F21030829dD9D7690077A8DEb68F57E90De8074,0xf401d6474a81f22cad5de7e43cb7702e01ad07deaff92dad5cdeb298e0b9a9a5,WhitelistUser1518,0
0x9f4F9F4A34d891de1A7A33187966A515042ad474,0xd8ba538d961523612cd1d4075afccc2b230c870b30f847de33fe2d6056b445df,WhitelistUser1519,0
0xAea2CD2AFcf60389491AaE540C68Ea20Eb17f134,0xd76d2d96b900b353ab370651046c075d286e499fb589aaa6ff1cc3ad50a628bc,WhitelistUser1520,0
0xd974B569f19c509D493D1Dbee8547526AFDB391c,0xaf67202be197c6d903123003cd9f467a26c3a56ddbb6d72b359ffbb0d9c80728,WhitelistUser1521,0
0xc9E9398f350Adb143cD9F5efB1f1120979741E66,0xffa5cfba5c65fc9a832f283d9b446fdfbbd143f753dc6f464200728e53602bdd,WhitelistUser1522,0
0xd9EB2e016E156945A979E689e8dC03c56Aa4BA9F,0xb102d15d0eb2f3a16e482644ed8fe0a01dc31960d0e71f263255aaa3995227aa,WhitelistUser1523,0
0xf0f97fd4dA75Fb621E679102dacB7604CD14Cb8C,0x11c837e785e8d7ce1f86d49febb70108fde5f74c47c3d5c9acfa2c9a79b178e9,WhitelistUser1524,0
0xA92A58718D26caD6114193F3A8E3292197bF37D3,0x4b847cba5746a7ea5a27cc61ff17539048eb02f0d414a763917f24f3558449f3,WhitelistUser1525,0
0xc1Aefb2C9E8B02d6841F8b5EaeaFa5D4b54D2fc2,0xb340494f38eaf579986615746161e7714ac8ccdeaa6e1649c2f773df6946eea3,WhitelistUser1526,0
0x2D637Be65f5cD9C930F4a31b5a74186b4a774Ae2,0xdc65d9586e44cb2c7b4bb6530a4b21823f449dbf3ca6d74ccb3f4557004960be,WhitelistUser1527,0
0xBA1c244566aB6188E4C99e9946cE0851858a036B,0x919fa52f28abe5a4c09ed593409e624402a8c85f51a6b158a7ab96098df4ec04,WhitelistUser1528,0
0x70c3d8fEFE016DDA252C8091D8f351578eCF776e,0x18658dd681d028c751764cceeb72671eab05dcbbae0706cfe3e840fd362a23bb,WhitelistUser1529,0
0xc5B77e5c8530c478dC8215726358cc998C8E4573,0xb01919d0647976fea457b754902ac00a2248c488034e62c1c9c247063cd8b245,WhitelistUser1530,0
0x0D1622F58992770e7e9f9035cB619502351AF727,0x6fe3e96439eb156d7c9e94f75388c29b9194b5bb6a2ac29a676d675e1af6946a,WhitelistUser1531,0
0xE7828c5eb92281902E62C88c4B7814b54dDf1228,0x8a3f02bbc00c14591932477bd5706cfe16d0214bbcd013f516388ef4bfe5e960,WhitelistUser1532,0
0x48956D597405cc833dFa6371a2A83234423bD790,0xcc1c445ab06f90904a898d778c544cfe2f1a5672e66dafef81d9a9d80145553f,WhitelistUser1533,0
0x9fa5259ac731fb38646B52713F27845e19162B11,0xb7501cccd5c8f6541ef7555235561426d42e803e403da491941ace9eb52e79b0,WhitelistUser1534,0
0x6A7C3aF2BA8422d978C0d59525f7A195da7eFA69,0x7ae14c8478334a31e49bb379e7f91303cea562dd655661327ca0b78c0aa243cd,WhitelistUser1535,0
0xc2e5C1540B8911EF2703A0060D6AC4187e4bA877,0x2abbb52a874f09b43603b61610d70ebe0f4ffba524aaf10d06dd422969786c3d,WhitelistUser1536,0
0x1Dc7E8e5d40Cc0C1ff7ccF103e27D03DeB09C13e,0x98f6dec71639c7e1f91dc15350d3a1e4a6fa9a31b50e9690a1db435b57ad942c,WhitelistUser1537,0
0xab81006770421bEA1F4EBFd7096c89f23A61a794,0x531f449918ba280a3b74ac776f067b4bf42f0e74bf7a70a1acc1db1105ee2a2c,WhitelistUser1538,0
0xD687b421AAb5FD67D61652846338729552931C65,0x9fc271118989296ebba3a81293dcb00d72954b69aa9bc2481d2fd9c80a90e3b9,WhitelistUser1539,0
0xbE1F0A7CA961Ab5bECb1D3bA21f783e265FbAb7E,0x92f027ff8aa1a5668a58e72d8b095f15d9d23779821689324e47b9d1daa50c25,WhitelistUser1540,0
0xc780dAB4c12EC6Cb6c55E233Cab9261929684F04,0xf9cfd3aac6c78b493d359bc786cbf37a949ca974a542810815f4c31ca271a35e,WhitelistUser1541,0
0x3933eEaC33592e9A45b489268f5e99f5297CAd6D,0x3aea21ec46b92d75ea866edf1b5d1c2b915e5ddfbf1947a244e6977537604e6d,WhitelistUser1542,0
0x708ff64D7D4C1a68524599449Cd523E0ceB36a73,0x6564afc10aa85d83041d3c8599074de7596a34a0efb28d61ce054bfdf5b335e9,WhitelistUser1543,0
0xc7364FF9DfB267C74b81646307b545C0B6fa5Abb,0xbaf8bf067352f3274bcd8b84a31dc9e1fb6e3a3028ab443c55bb690b6371d14f,WhitelistUser1544,0
0x8BCbfaf91B9a4EA873AB5238e374EaAeD1407C45,0xe9815c659c01dd742fe22a171ab0430960cb92ec633387b5e0b05e74bc207eba,WhitelistUser1545,0
0x8A79E831C57C409654Eb9085ADFC9F400f84e045,0xe1db447da2904e310798d56a4c5452916407022ea7a4551f2dc87e143bd519e4,WhitelistUser1546,0
0xf4b5B642FDc2e053fb5d2E72a27cb887C41878Ab,0x0676dfae38827de1f11799b79600b18a5ad93cf0fb816afaaafbdd71f6af6bfa,WhitelistUser1547,0
0x683F3AF6a66bB4B4B3025C2a2BB24E8B950ae06E,0xca765cc4ffea9036ffff9d1184d0a38da157bfff4cbf2024298b6bf1c9b03767,WhitelistUser1548,0
0x1f12893e14b1041098F6c06a97b730F405dC83E6,0x9b90ac8de1a1d3777906420664c59857150d9d44193c01dc8f672d2b75d279c0,WhitelistUser1549,0
0x0902a1d32461C54D4E65340BDeFF42924b02a738,0x160a84b486e45919b1aed3e023926fc132bb613a99e938d5c7b99ad4a8dc75f9,WhitelistUser1550,0
0x4dB7393F429cdCc123Fc40aAcFfB7aA027A4fEfA,0x7915fc3ac0e825a903b9b3b3e481075e9fd19d632d4ec22dcbcbec2d3964d453,WhitelistUser1551,0
0x76a641C2018F0bFdbA89460783799CF58270a968,0x9a13653b46dfe1052f78a4e9ed3354b100cc290e888f83b9d5c992d5da9d97e2,WhitelistUser1552,0
0x3c821BdDdefc27A56401EB74A842cD23BD75Dc17,0x191f2011ee455a4219c2045a99ad8d1b2436a069b843c051f30ab38599c03258,WhitelistUser1553,0
0xe7d0003062400b2B10e010BA374603f85a9b0C9e,0x8ca094a2354f649bc177bf8846d2d9736086b8bf12c3181494d5c97a7ca9cef3,WhitelistUser1554,0
0x497e8354c11D80a8fCC47A8042597b58973374Da,0x9ed23686e52d10508623811d04b38dd34527486e14a0c842167488dcf48552d8,WhitelistUser1555,0
0x6cF55B0583F5D03593EaA6a1c0FFA7282350d728,0xb2e0467585d3f4ab7ee305126e63f9c9af71ae0f18078a6e645f3092c22a18fa,WhitelistUser1556,0
0xDa4418416741E5BF6D0B4c70895F7d65206e23Bc,0xf8b2037a9fad4448ec7547845a55366ebf934943084d5fa985e5c65c0e777f2b,WhitelistUser1557,0
0x6381D1E5976Bf4e41f5990bE841c323f3659FFb7,0x138310ddf7f5b53fd098ee2a30c9db2077c0a67a175a3528b1b795eb61de41f4,WhitelistUser1558,0
0xF34AaCFbF68973E70aA52f12c6D7F76a1Cf7e541,0xacc31606e10b3ec328621ba4ba7006e5934d2d95bdfd848871e423a088d93ade,WhitelistUser1559,0
0xd2AA1aeeA8B5d95170eF5CDcA8673eE796023F12,0xbd848f603f811c4a1f227b6790698eba075a7959570399b67e17620ad39a27d7,WhitelistUser1560,0
0x39E8F8335AB013971002CeA0d2C118136195279C,0x09b88114f45995e97da372f4b5923332c8e090fc40e60eba1583f547c5e8224d,WhitelistUser1561,0
0xF1e870aD25D3a209a6d707e1E611Dba1DF752ad8,0x174e100eae7a73ea85f2b320ec0ea3a81d72e7069d759a2dc369e6de712b29d2,WhitelistUser1562,0
0xA61De493B8686DfC2f5908c2789bc9683FF2B76a,0x31f3317f8a02bf3d83975a24056f2cf0cb58099631328dd1bce95590e5aa51a9,WhitelistUser1563,0
0x66379cb973DB174D6a79d1160edf2CCA218B77D4,0x619d8721e1fbee2c84c8f7e475d4ae979f98f822096b377a131cdbddb726f891,WhitelistUser1564,0
0x40366ecBA65daa0eAB45e47EeDaa008eF02176C4,0x36d37797f1348537e3b1a7fdb9e2cd22a5c0a979cdf7bd509b736563c42cdd94,WhitelistUser1565,0
0x1BCDaF79f596a3C2322f5F41c7B392D8d1f3fF77,0x8450c32ed35e9b6e031f7ee8401de1902bdfff834b484518d0da87eb75b386c5,WhitelistUser1566,0
0xd7413d2785afB72dd2b358925482bef8066cc26c,0x0ea4312e7ec2f37cda6e8355cd99ca8c425d745ff3b2e317eb410424ffcd95fc,WhitelistUser1567,0
0xEa6F966ea064aa6F2afA28A88eA97A3Ae2bf76A7,0x2589e1c8f851435202afe39c6c87feef9428608db285eac06eaf8841639c321f,WhitelistUser1568,0
0xb191F613C089Ce248b519AeD097D63Cb24E7cc70,0x9609f56df08c7e8957ebc1409d5dfbba26b9d719ec7dde9a11504ed50b53bd78,WhitelistUser1569,0
0x38E0C54289c5Dfe6A11195c93C13f61b45642Ebf,0xc949affcb3091b54d2eaab0a76ac2b61c241f7623ac1f6bd3bc6417f60f87615,WhitelistUser1570,0
0x71394FFbfF6D7bd541B6eb3Eacc508da6c4592B9,0x6c3bd58a50375ae06d8acd32d0930b7327d8252ab803d4a2a6b73a56299ed124,WhitelistUser1571,0
0x8717c78D6904CFf480b8390Ab189cCBdD62c375f,0xc8706e1adec7eea2cc933259bffe4b47cd686de8becf517bf588943938a9f86f,WhitelistUser1572,0
0x792010ff6c920822A953D283A28D0E995f892283,0x0899f190efa51c92506cad62325c82cba5749e8fd756bef79c948e436c021b85,WhitelistUser1573,0
0x7909E5427e16cB6776C3D886f2350E079015e213,0xc29a8bc1c51bed0a8b7fba4e0a3b66e476e3fc43184e54d33ed6258e64361fda,WhitelistUser1574,0
0x3Da5cB0D280C5835A4a76d289Ea0C6C50AC11608,0xdb5ea050ddc6d1229d6241b56e31925db971e1a04ec9602927cb290721bc9a55,WhitelistUser1575,0
0x98292D7A3e0Cc9823A39136E13817b1838CeAb44,0x370c0a1f155bf39f5ccc55bf2e26b1bbdbf25e272655f89d7d20788753d77f72,WhitelistUser1576,0
0xaeD9C59311c684e9f5335f73d3Cc2fEB47971a8b,0xb54de8a2b8c463a827b58b36205964b7fe683de38b9c74bda7c8e5f2510b8e75,WhitelistUser1577,0
0xC555CEEFEAf45c12f1B777d04EAaE524f4470C7f,0x08d16452b7f085a3a9cb1010e5eed5a767691af674c469973ee7d5c9bb21156b,WhitelistUser1578,0
0xc9eCC1bC4BD06f15f57ACA65dD4659C46c873346,0xc30fa9e369c8546e8021189d5d0eb10789d05ee3576dd5a3c09e9ea542533dbe,WhitelistUser1579,0
0x26570629dce4d23b2B93B49e92F67EB3B4c055b4,0x44ee8a0b9a7e757c4d4fb66d6ab841e2e06b0272dd389fe3f51615cd046f8307,WhitelistUser1580,0
0x0601AdeBb6fFddD942Ae031D7336e60822d92609,0x136edb354ef3cca7b5838e6d57ded32f5e03bd2b7141c6c311446088bd303442,WhitelistUser1581,0
0xEe05518fAcDB2F349D3F4BcAACd1ec328308FC02,0x4af0328651707d7dbaf2884e6b8b2974699025d36daf477d1791e87b76c979b9,WhitelistUser1582,0
0xd012d1dbdc3cE0a680c4d843DaDb9662cD7519bf,0xec9b73527456055bd1a9423fb48078f8c4db8bc1cd0be2cb036b3ef366cea370,WhitelistUser1583,0
0x049450e4B09d3b11f101CBbA2F359e0f6edBEE69,0x0dcbcac5b52d336f795929c082439400a8ad05e97986e8b41e822c4da492561d,WhitelistUser1584,0
0xAf1B7FC9369060f8B3434bD6cBe12e1e9368CF0C,0xd95c41f46e7b80eb1eb12bf54accfbba4cdb5bb848e1541c2abb33e565fde309,WhitelistUser1585,0
0xBa2B649C5Bc1CEE31b90C0C6c88cBE2B8f521cf8,0xab16986059812caca70495298c9870abe8ebd40868717462b2cb60f7319a77f1,WhitelistUser1586,0
0x4140182b4820A6c50ab5fBeb5d74d5Efac9ae387,0x90f5ad21718bfff8ec914a2a4a82b29f0a88f695cfeeac3435ea04114bbf550d,WhitelistUser1587,0
0x61908AC9640a920D61Df9095577852479A0Dcd11,0x48a86e7de732ae6dc4ef920c1d99fa370cf0497531f73e48ef5a2abc4a6ce8eb,WhitelistUser1588,0
0x8B77b350CF0fBD183558699f117b05ad02616DA9,0x8be0ffb2b05efae5ded47bfa53e4ca153a248bf082e00e786c6a618b3cfe15ee,WhitelistUser1589,0
0xea4c22BE792c2B79f3eFd08D85D8D925B23837d0,0xf966b855c904c12beb8047f0c656b9f4fcf1cc21135cb789c5ff04804fdb1560,WhitelistUser1590,0
0x74C05Ba208C6A7dfCd33E2caC56A8dA852CD7017,0x8134d56a8897202fb11e52f46fa61ceee03b7ca8a90b050c51acb8dd1c5b8cb6,WhitelistUser1591,0
0xe4c9a76b20e76b59e2a1DDF2696e3f1b2abFabE2,0xfd9694f1539902e48011bc041ee1b47fed4fccb4ce54e9bf2e81b857474ab827,WhitelistUser1592,0
0x72B3073100e47f131a32285D9f0E5A28D6c00616,0x3934b454f488e9098942e5e74c3cbb389ead521450e294b33128bc6b09429f35,WhitelistUser1593,0
0x87735AF1C8a33D6c497Ae39bEe50bB9c8F8E510c,0xce7ab9d3360ec6055734cfa504409f7cc2c682ff0afbad0773075245273135f1,WhitelistUser1594,0
0xC4DB1bC70A6438d1248C42D3DC19CC1B062bECE7,0xa5322bcf3381e21afc4abd4e9fc7e593f66b37463db306c9fcdfffea70cce171,WhitelistUser1595,0
0x6C197BbcAC471d6942897B09d2562931373eF82f,0x56c7f8d267a964a0bd45d2448f4c58aa135749957d1985b72ae195339199359d,WhitelistUser1596,0
0x94472849B8f6E7b799e2977ef4986Fe0F4F2e704,0x3a0ee89817d7458a4cf1365d86ef41568c0d6d528a44a07c987439ec4245b82b,WhitelistUser1597,0
0xAC3263bb2755426f3dDc02Cf10dAc08CaaA5bB15,0x6e1210e86a2753359cd93add4a5d3271e71e5fb29aa13b6722cd8bb2d238ff69,WhitelistUser1598,0
0x8e53F650da605d66601D182f6dC8552aB8b61815,0x7613cb62b8b14c95559bd760eaaf82a88ce4d74b83ad1981513539eb9478aafb,WhitelistUser1599,0
0x8FC2944062C12386BB287B83902875F46a6e1162,0x1011186d065671467a794a29ebc396a54b509d5ab4ffac610cb72841eeb11113,WhitelistUser1600,0
0x5a902cEd6A22A54266541ebE6003C5B688f2C290,0x775ee2578eb903cd5cc0f4c7d4a70ba7380fcbdda95a73a5989ddb854d7a52d2,WhitelistUser1601,0
0x982E2BBB30a4C6Fd8609d90D36AD0f6755534D89,0xb809bb01c0c454ebba24ac1740a64e91cc15a057169ec696fe36a0cfd69a9447,WhitelistUser1602,0
0x30B76d3811c95d5242753cec7fd7C8DD798b33d5,0x2bd2a619ac82d7ae31e8e8ade72ab3d3231e1d6d2e8f2fe87e377bc1dce66e1c,WhitelistUser1603,0
0xBf46D033B8985fD21166c48369C7012b63e6aB3f,0x34063456197d31b039c9e29c59459f3875857e4df4023f946f902f742c00ad44,WhitelistUser1604,0
0xC79857F3eb34CCcF0E9760a51Ea0f2584ba9b758,0x7fc69a98c2ef4be2dc2526523cafcab71941deec2eb7b0f8f946657569f6c406,WhitelistUser1605,0
0xE48F5755046dB2434663E05699C76216De63CFB2,0x342edd4a182303228654a1a3483528756b687bef0b195ead50f8f904580ad6e5,WhitelistUser1606,0
0xa8dB89eDD609493e8509d9e1C0b3867562F13363,0x384404b216f87384884d7298f01f94dab8a27e090a00cccbd1b173891e12d9f3,WhitelistUser1607,0
0x257425FF8EbC0cDfa44749FA6Dd5B4366DF33235,0x8646a523254ae36571f82b51793b290168d5c163e9426bcca4f79cd667bcec84,WhitelistUser1608,0
0xdc162C2aA7f4b3073Dc6E4C190570a7919d55137,0xb3846ecbe4d32da37a9bd3df43c28a188773810af8eb8dbc8bf6bdf129a200a9,WhitelistUser1609,0
0x54116367AD3eBaD4d24f4A9F6C536b864E59e18e,0x2ba31ed6399fd63dde3c1b633652a03748ae9ca37326f3c9fb984c939d062091,WhitelistUser1610,0
0x11ff72FF502fDF45bF60284F97490Bb1ad59F5d0,0x034ec17ad4459f6a3ae050b8a0148ae3d8a71ced12c885918200e17600d840d6,WhitelistUser1611,0
0x341E1DFe9F38a8729CB7220833b804D5a75940b3,0x1c56d4be3d8adb0ebbd8f845a6422db10d609315ef667d54464a51fca425d173,WhitelistUser1612,0
0x1b322bd28973CAec9BC66e8f2800420Ef817e950,0x515936b3160337a7f3fe621227c3ee117291eac8a6a10b439e0f5e7ace4a4f9f,WhitelistUser1613,0
0xEdC79A05E664EF0550FBb29F0a4c9AA49B010BAb,0x1dc96be03165712447dadd4f5094ab4ce183e5450ffca331b2f9052e412af2e9,WhitelistUser1614,0
0x90C2a667b16CfCe3175778ED9f7F858487206795,0xa9c65af402ad88f7b7c687105be2e94b68d5e181e78df225291a86359d5b4417,WhitelistUser1615,0
0xe82F2F63B7ff2811eAeB50D35414C0ab0f81e6a8,0xef85416875cf390d29247c0c91670fec3e63534778a3f9dfb767771223986ac9,WhitelistUser1616,0
0xD7A7017910E439AaD50bEFB7AC1fa03661d7455D,0x72deeab8a6cfdac332b57fd4175e67e0bad92c2cec0a492492222c957e12169e,WhitelistUser1617,0
0x23607452faFf271d5eDe18B395141C9fE198CE4E,0xedbdc94e7331eb06c681879946901d1eed3fc4924a6b3703512f7b084f19a52c,WhitelistUser1618,0
0x1b2079fbB4d4d579175E2082cC58FcFb11869F40,0x9aa57fa935fdcb9af0b26c0b74431d857d535a12e0005ff982563beae424bb61,WhitelistUser1619,0
0x769a9688Da8389190BcA22DaC09D23AEAaC7bc6b,0x3e111f8cf9491cb2820a60191f331f80172aff26993251b3444345d6535dbb80,WhitelistUser1620,0
0xBAb7fD1F21E7Ee47B48Bb6dd4cfc8D438c59217F,0xa81d9cd27496ccb244cef651575d9759e3257d40c175cc5d7e28e4e91aaeda37,WhitelistUser1621,0
0x39C3acB8e230612b7D02ADbA8a0D21C77e96D091,0xb2460a89043a2b90bfa2df6b9bf16df804b8d0895960c13e4420542616f548a8,WhitelistUser1622,0
0x647086c97f43e7927727a0A47F9D7CaFCF2A900b,0x2756c87e26a9967fc768721ffc2b7357f79a288e706bcfb4d45645deda39df25,WhitelistUser1623,0
0x8105C4E7d08eB72f3dA69F6Cd7C9213CBd9E61D8,0xb84ce0ec575c83eccce40e98e1b635da224ce5eb7fe1314607bcc7fafb756fdb,WhitelistUser1624,0
0x21FDeAA1040Ef2D5300403d931782ECA621eE1bd,0xb41f137825d35cb2f501995efb7477978272effe258fd687b931acd80fb66821,WhitelistUser1625,0
0x9683D558E25408A26bE928Fb466eB684D971acc0,0xcccfad9e3dba18b7c2b2c5695b5d34e6cdcd453e3ebec0ced9bfe50f5f74297d,WhitelistUser1626,0
0xeDDf2a5F8BDD3B4C6a5B49977c0998626BdA7EDD,0x8400bbc306ed8822fc61cd5f61e335f0734ba48f9fcc5efeffa5479ac84ae081,WhitelistUser1627,0
0x71F0E1F0deAE06b090925473D9EC68368633c05f,0x73d2df3267d97e0333673ede1c4fbff93e0a98135f4dff23d5830eeb341c8fd7,WhitelistUser1628,0
0x51F7C0513fFA67479E5581EAf173b4106Bfb7AeB,0xba54baf2d7a37f1387fdc863f7207459ab3bbc062c73c11a6e8127d5a3554dae,WhitelistUser1629,0
0xe04367feCa119cdd4E563368B6707E13c0BDaD66,0xe7809cb45a99fbe6fc92e683af1c4d4acf628caf7a2c53f1336ca2aaf90bc515,WhitelistUser1630,0
0xa59ec20Aa90ef7c88b010de576EBEc21199fEf9e,0xd1aed51b585f0defeb1f0152b23c86d8d13abeb72ffe44e4995f588e84628cee,WhitelistUser1631,0
0x93f0155048B59143fcFa7C2711aCa85a91516AA5,0x3d2cba87452027efdb7318f99a23bb1813acd6926e105b83261d3434fd89f2f0,WhitelistUser1632,0
0x5A51C842795F6B855c2855820aB444C16958ACfb,0x056ea8c55b0420f3c16946deab63c881fe3ca0d3138709029e6b2e17cd2dc73e,WhitelistUser1633,0
0xbc684a0ba1d43c9f18912Db0e85949997356a96e,0x2515b479c38918a368ae31d01727dcf23a019e475acb1fd358e2d012c1c0c964,WhitelistUser1634,0
0x16b4597b7AA2490139C4a10278c0e8C753e651EE,0x4f0e87048fa3944f20015349f4ff85fce264170dc54db80a9a1ec2b8a10863c8,WhitelistUser1635,0
0xf4AD8425cfa088b8f9f28c1467762c482d319f6E,0x3cff932df3a1ce2c05f60934da35f1ae7a8ee361a3b800c611c2d517e2d3051f,WhitelistUser1636,0
0xB749Ec3BD6C9b3c98cd7c208D51A2597A497E7A2,0x72b0b64aa5bd56c9df032c06203bedb36f5e79338d9af69f52ff2d0b105bbcb5,WhitelistUser1637,0
0x66Bfcb537C7eAbf8a5b25FbABd0cA067cABeb512,0x1ac29c30b03b45c86b3ebe5c790012955a29c1b1b3545b49b52f4c40c6852487,WhitelistUser1638,0
0x0319aB0A36C4f84c0cF347B57A25B813FbF6a7a3,0x74cce942a43d9f9aa3369ccb50d70bec085f02ef8b2423d4750136bc29cc9168,WhitelistUser1639,0
0x2e4Dec673EC0055a16377Af40bFA24371BEC863A,0x9c5739f6a1ade7680dc824ca20d45012da58a787da78e441bcaabb239e3a63fc,WhitelistUser1640,0
0xc1113dEdAc3EDf3b41AFE8c4B2a61C2508767e6E,0xee47bd26df80820529df83751f2954649578a4f96c1dda5a652dfab0b58bb978,WhitelistUser1641,0
0xD6aA9EF799606d1068ebe56c740826519A5DFaBA,0xd0b443366d6f77509b3ae978102e1ae04762148b438063db20ee562440018472,WhitelistUser1642,0
0x20a4942Ca267C48Bb951F11578014587E04291e4,0xec648eca19fc05970bed763dfd00169a8817dd1e0b70cc1743f4756e3c040f4f,WhitelistUser1643,0
0x6C85d7FbA8FA55405391e56cAE38CC83bc206693,0x307f4a97aa4c3b4fb33e5c12b8f93663343c6b8f6df2a7fac0b44c91e5eb9b55,WhitelistUser1644,0
0x8c8b8e4cd424498b73FCF5b42558B0a4197bA2E6,0x9220dbbec1139819cffcdfe6608ac5533d96747e17506a6f84a837a9b4eda31d,WhitelistUser1645,0
0x0a401b6AE3587bcD34F0506d2d1a5D8054737751,0x2b52bbd49a084576f8a919dead67108fb58a4c1018633a2d5370df554b703f53,WhitelistUser1646,0
0x8FB8EFC8a88079a95Cca7003541c2249bf2be7A4,0x515ff66c5cd41890ae1c46b0f344f39e379559d4e87f42246dc6705f476ea7d2,WhitelistUser1647,0
0xF374c9Fe9de5618E8Ca810620A178439Ef453Ab5,0x79bc70dc3fb7385d25694ec87493b216cda366b5c0fc92d5d85176ce9b30e068,WhitelistUser1648,0
0x636e9852BCFa8ee9b5370089f63F5FB16eCf4C29,0x1182fe8443127fe83ecc070e6b2275094624d1ab2076ee306bba167446b06c20,WhitelistUser1649,0
0x01537447868737255B8998a67d1E93A2F87f5BaC,0x99e08cf9b60935e865ee75ce739bd233ff461ee85fde023fb5ff0f8bb02c590c,WhitelistUser1650,0
0x360cD296E34d96913E100DEB0E96464EBf9c363A,0x5048ecf89da7a694da2ac4622b43428a26c69d6ac16cf07cd565a8ea9f211cb6,WhitelistUser1651,0
0x81F8f779A66937E4893a1a0D72538DdF13A7F99B,0xb493de70b00134b2213b8e77b47c91cbdc4f828579b13910a06601e656fe2d24,WhitelistUser1652,0
0x4E1f4414F0799c58C21edCedBc83A76660910f10,0x89450ac498902e22dcfc28e4f0064e0b4459559d1c51f5839b407368a0d3848f,WhitelistUser1653,0
0x3711B07E7927dFa2B95FB8416A60502B2b98B767,0xf41a34b0401bfdbb8151b58a1165d679c142edab4d90c2dfee307bb21dbdecf9,WhitelistUser1654,0
0x4B9f76c53b75c4830cc172712B41D9e0F3982fbA,0xbe62db578311c4f9c5efcb9a3bcd9aa6fdec00f4fb9be6ff64128d5499917b2b,WhitelistUser1655,0
0x77C197bA0B961984f15814161698b01D36786d9f,0x3ab3016f231225d484f02fd7f0d3c34545f2c63a29fc8a595a8771b2ecd9a5ff,WhitelistUser1656,0
0xd7194eFe1b6849F8aCfAe5142D6b98719A7b4Da4,0xf10a497dcae72a496d713ee0788b1f64659f17703e4f8d89e0af8c67d757d27d,WhitelistUser1657,0
0x33Cb2b351Ed9D94d3515F74659149b7Ea0635478,0xaf654be8ccc2c2b154778d35aa8215d695dcc33d76cf00396add2bfed5f90fd3,WhitelistUser1658,0
0x43eD1be78A2E48C86d3E4814BFB5f91A4dB46a56,0x15a10ed86e34a99460f7cf0a507bbbf944a5e87302edd8ecda6a11188b6996ee,WhitelistUser1659,0
0x01c0CEB3dcA5176eaD414710ADE2E0487e44CE50,0x2371ac47f09c138b641d869130c9d7aa8513201ce7827f86d0b0b0b3da542541,WhitelistUser1660,0
0x70B53484132e7BC046e8eBBAbB01c7a1e65960ED,0xa53d6897c03a2f23d268e95ad6265d826f499ea93cc21242557e522b21494022,WhitelistUser1661,0
0xDcA3CCAD71314B85ec0704d0869447d46A44E597,0x2387e37480b47efbb3ed2f965156156b277341a118e7ceba1e0155db090cface,WhitelistUser1662,0
0x2108738b0ee081E0DffBcCf17c7A99140311E031,0x05f724bdb50a7cbacc69c83422feefff4d96a44020b9ee75a6b58d3de348f4d2,WhitelistUser1663,0
0xe6BEe57Cee34187487A6A80B815B571bc610C4cd,0xa75c8dadb396c27bf532c856ed4747e08fad0b86cc03314b2732029f5565e524,WhitelistUser1664,0
0x68348f753fF6242C5c2E7cec49fbf4622DD64ad0,0xea7be45ef690483aedea823528ed87ffe54df23b14efddb751c57376209f3833,WhitelistUser1665,0
0x4E537D35D786D8D49f2C238A1272e61E32A207e6,0xf5dcf3c4280603c32c3475d788c292bd1567285388af13f7f89db16eb1401dd7,WhitelistUser1666,0
0x98ac6E52d56Fc16e7a0699aE7b1BFC3a4979Ca19,0xef30235af6497ec48858a4296e82f5fcf9a617fc9195f51c9f6f7c69b7c38aac,WhitelistUser1667,0
0xf8e70F57EFDE33d7a4dc48559e0e1e6CEedf61fe,0x544fb8f229581f048e1fcc0c57e45c525745873c9738b66656e6b7fd689f96e3,WhitelistUser1668,0
0xA44d3E7c940B6Efa85e329B474456F63f8de702e,0x1e5c87889aafea6c850f924b2de5ed603eb4d90bbd395a2593d3ee61df0d6797,WhitelistUser1669,0
0x1F3B2696d6dF2aE24F8381EDe7237012129C1806,0x1c68b19e2ebb783b8952605213ee32884dcc1bbfe4f05c33d252a1338d1f74d9,WhitelistUser1670,0
0x6842690cc7C731cB6183c898064b51D037Fa02F1,0x7c2a99a24851c56e57719790fa1c27e889576f76ab4f48645de30a24ff86fed6,WhitelistUser1671,0
0x7d930292c5ab237Cf07E61BE18e3183cb4aEDd68,0x09de23dae7c488fb19407f22a94c87847801d6f6f15f44913280d4536d48cb85,WhitelistUser1672,0
0x9DB14E0a0dCff154843Aa0b181acA9c962d8c4A5,0xffd6a6ba97dafe4721d099b6439dacec09e1a93021bef6fca0606eebf4089b2b,WhitelistUser1673,0
0xB6ac3c43B634c122934DDF2F93D1019a5E80a6b0,0x7a1accba4ec054c2b742d5b1b23ad1c743ab243ba2660f0c7ec4e8cbe0b6ae4c,WhitelistUser1674,0
0x17A9B4E26dBDa1b5993E21722c40e36C355468Db,0x6d1e40f6aa8542ecf044cae095f4484882e9046981e8e6246c91c9288c1a07f4,WhitelistUser1675,0
0x4c99B320b22Fc0BbC31Bc23dfa5E739092751dC9,0xaa813b4d7dae3ab47b5be3dcdff3fcce2983d462fea785f80ae6359310a7c1ee,WhitelistUser1676,0
0x4530c2b08535c064519f306Ad2Ef8C87595DA598,0x879ce5e28d9b2e9ef75a4aa145cb787402beec0b994e039d5fec8daa7d2b8ba5,WhitelistUser1677,0
0xC32FD1cA7014064DFEdcF09543ed9bf2cF183572,0x6467e3b47be38d1bb649cde5595ff476da68f3a0a66a6563f9ae9f7c95b49e7f,WhitelistUser1678,0
0x84E57577Ea80373c464512Ea67bea457Dc13ADb1,0x292669e4a86b946aec92ed85d1b4fa19e27f100549b296f16f930d5653e4e1a2,WhitelistUser1679,0
0x6edD8cD1f627D3C527F2649383A130F54B94E86D,0xead4a23c5defc7b11170ecf7e2fd61fb8f51daf322ecabad4e86e445cc1cb780,WhitelistUser1680,0
0x17Cf8C9C74941e93D201B16cc68280Fe08b9E0F2,0x11da655e1d57d7ef5b79a4e29741c45426aba8f2420cad3c8e65d6985cf73ea5,WhitelistUser1681,0
0xD255CE7307153237d82f6e3CB113548256F7FB45,0x595d6ea6b2a3e8cf1c74fae588e2601ed615b24b76ef0a4773c7aaefb6743ea5,WhitelistUser1682,0
0xEd4611e51C6ADf5aeC6Be710EEf4f5E150D7a9bd,0xc8884057c2917577ae7bde7b87b9161defc30244ad026ffef6ede77d2728b3d7,WhitelistUser1683,0
0x871d39B85BaBE705c25D0dcD5A2EF64FE5dC8DDe,0x3880dccd6f3d18fd8e6c7d973045be7d5c475014251b5b8eec20f94ba73c652c,WhitelistUser1684,0
0x5B64aC877a75f0c71362f9fe1B88d02263f60F29,0x044b8a4e9ff56188e47af875e47ad0b44ea3a9ee27bbf76f5fa30e87d964b841,WhitelistUser1685,0
0xEbe24a4cd86263A714C6A000dcE9D199A2b0f0fB,0xb5f804b56cb6b9e0255f610e692961f909de0a82944d42034845e2cf2dccdabe,WhitelistUser1686,0
0x98D5cdB18a660ca24ade2a7d710209A4fFBcC4D9,0x7db9d5201966c5700b4ef54d97e3991ecddd2fbcaa8b6e111670b6d443ee7b18,WhitelistUser1687,0
0x98f8366754e2993833B22d2f89D99ca838CE22ac,0xe2088c7d77fe78eb9a2b73cbd7adeaf23f78d899212305fbb10ac2979598f475,WhitelistUser1688,0
0xB2B4ad4c039660Ad84614A091662De8A3A15641f,0xf410cd2a53d7abb132b6e3a2573050df2fc84bc73da8cc7c25095f2fc19ae633,WhitelistUser1689,0
0xE8325c7Bb44bbD96eeBc4dC4217897602dd2d0b7,0x3a425939356d2cdd8379ca3e1b775515d474f6f29b7b0841ea6a28d358aca337,WhitelistUser1690,0
0x0aFE5ba46F61D3ea5cc0fCD9c46cd653b38Ab458,0x6c20dcbab4e3eb2b7e8aac96681f125f877053788e78ebbcf2a49b655011c073,WhitelistUser1691,0
0x7f41a968C4ecF14534aF6A2Ba69b310dE87ED365,0xc22c9292577d3b16241c55e08aa43fd1f1ba4fc8cfbd4d92fe647859fb67383e,WhitelistUser1692,0
0x43a5f2f926424342991799F01dEA8fbBAb890c7D,0xe75a359cf2f4dc1088ead920b71c6499529b9c00b47e460fc6ad1360db119a86,WhitelistUser1693,0
0xb1B7D35d6fAFa4DFc6B790E0FA11524D0295E73B,0x95e330aaea1201f38ec65d2786024bc37f2366463ff90d2d640348d7a70ed04c,WhitelistUser1694,0
0x9829501f4bfc2e9F7e25539bBf2FEfF05CbD218D,0x83d36a1bff6f6cd7bb03c08f854c90d4eca929d6b5fef2c1bc49e445b50f8b92,WhitelistUser1695,0
0x63672F8754aa90E30e5c1FF46EC2E3493fC7B7c2,0xe0136424a5c922c885a42d7a006b41337d219687f2987a8bc11acc9484913754,WhitelistUser1696,0
0x50904eaD40d62F8f4a3e7e46c7Fc62ca10413B11,0x016b22529c944bac743e9c63cc72cec2f6afc1c40ffc0bd22a5c531cae7214a2,WhitelistUser1697,0
0x742872B8fe487741BB980C0cDa5095f1519fB84D,0x587b74a71346e608e77d2e215c012e39f8cc978deb90d4ff36c622a76d7f195b,WhitelistUser1698,0
0x53fbd8b18CFA770C8083D579A1486B21D922AD76,0xf7d272892e061babe048644756f2c593cdc986dcdf71dda8c3586bbcc9e0294a,WhitelistUser1699,0
0x687C9cAd64C67EC17526A1C94E49e3B920b37416,0x8469e97435925f5ef2a8959363c8482364f29cb3666d226d37ee2814a817c72b,WhitelistUser1700,0
0x163cA162A159215c7042dBe47d35d56A5f3E059A,0xb56efe7addf9581305076dcd6532518bf152893d1355c3a7853a372215d11589,WhitelistUser1701,0
0xb6E26d10325c78c807a2B606d3DDE6F67D84cdA2,0xccfc2863d37456d6b99de67d68e01e7482bc2725b15daf632181199717b8b388,WhitelistUser1702,0
0x2e450053EA6442F021098b56cBB450530f29dAD6,0x7308c49e766bc1a72d7e5bdabccce5f408c75c17f9dedf9cb8e9b9923710cad8,WhitelistUser1703,0
0xEa8f77B87Ee73e0e11c2f3081dCd9C3689bb8392,0x3e3ee53fae64d7ed60a0579aa9115e01ff4839487ea5602be9f9fec5da72c4ad,WhitelistUser1704,0
0x734a5A683b71bCc247695E93e06Cd515De6b19f7,0x18abdd15a0556a0149ca702ff9394cb82148939a61f11697233281427bb8bca5,WhitelistUser1705,0
0xF53ffa140fD88472AacC507586E0F078bCa4c526,0x49a9d2a97a3ac19e044aff5eed172e8e3d96c0b001e4b26a3bc771257dbaa575,WhitelistUser1706,0
0x97f1F04D199C6f96F7C9dE78D80bfedd7E0A1DfA,0xeb38115d529b70a2d3ae854b9f94ba32d40026389f69e248fb30097e1260318a,WhitelistUser1707,0
0x067d678EF180458bA64CA225096cc18751719Aa0,0x5ea0f11c8ad981dd6a1d0b40e1e2d83fe048169296245fdffc30145632b5c4d4,WhitelistUser1708,0
0xA90fD729799A63f907C7A4E0E3CAEb392Ee39756,0x64c33104769b48d65132ca7ca5649216e1c942bf166a67f975c9a3159efdd11a,WhitelistUser1709,0
0x0B7832266fa3b76bC2F122171093de7A9d572BEC,0xe3ddecd7f330a8d3aa1247cd2ea21ebca31122938068535f329811f7d6c3e181,WhitelistUser1710,0
0x02b9A8670375b27D624538f47A929B358304b94d,0x0f9a55ca2e3413748fc2646b0e4b327948b594986782375cf2b17cf0c2d9106c,WhitelistUser1711,0
0xEd50DfD4b35234C39d32Bd045f5eA10bB63593a1,0xf62249c235e364122b79479f0e2d2a4a8cba999cfdda5b99aa6dcdc7624dc921,WhitelistUser1712,0
0xB147eb65be4c05Fffed43f56008d6579e383Efb8,0x24f5c304265632ee59d20d1de665d3e6eabf37548c98114843285a1fa785d0ed,WhitelistUser1713,0
0x5aC660e8687477DEd2aeD8d023139F3A648aFBeC,0x91431a71fe0878573ba7caafe853d192f75b152d37657de29df6eecfce63c896,WhitelistUser1714,0
0x481F3C63AfE3b95C0a11ce9a1907318CD4D76C5f,0x922c0c7d29e15bed5dc05ad273a07a04591d8c06f0b54d85b1056822fe618bb5,WhitelistUser1715,0
0x4F057BC0d7fD34519AE742Fbd047be67AF0177ff,0x226300bf9c09257132d4dab2bc90b3bde82aec02bdfdf375e822ec3bb3f6371a,WhitelistUser1716,0
0x9473d3eC22A64d99F2C720baaAF263D59F2195DF,0x393180f4bc9023ac4080196e58f9f77349a40a378ff399444b0092f7e465a1d6,WhitelistUser1717,0
0xF0F487a19e4f944e4b1e2828b0a9FFf1AbE3F66b,0x95c87b79075144cd8c2ec1df3fbb53dbd3ac4da70891bf6e7d531ad1a1e48a19,WhitelistUser1718,0
0x384c5215029b5389088011D0775147A383Bc6C6c,0x75aabfa2d6395c4ea86d83563f3a83abf3dd8f84978257d97972e0cc93f00f5a,WhitelistUser1719,0
0x270CA3dB80510f50aa69e202469F48bA2D1B963c,0xefdac9567b1558d5e37485225c707f6a5f3d9dc896649bf6c738a0e9463282c2,WhitelistUser1720,0
0x1Ca09259de9FCdC17c995eaafF0d984Dc6d1882b,0x0642cdeec5883b00696aefbd852e37cf39b8d956d31bbb9720cdeb3ce4771599,WhitelistUser1721,0
0x6548F536e8a670c9B5CF686D09d842e50400D3E1,0x523a965f6dfd99754e928713f45ae274fe5fe03902e13a709e8be80d51404e96,WhitelistUser1722,0
0x7759CA4A5859A46F9Bd803fcaC1f193495beE956,0xb121bb5e7d06e072dcfa8d03aa276414de34f1c2d7a2472da4e92bed880ae377,WhitelistUser1723,0
0x7F9942d955ba899a7e069894c3d6Aa868dF6bA13,0x82cb9a8c719d692a0f7d97f59c2840c2c683d2733ad855ddc7611ce66049d87b,WhitelistUser1724,0
0x5008913e92A14Cf03236ccFe61F42775754A4DE3,0x9eb8040dd5d989bdf7e7f07a66111099fab338385cbe3cef41cfbe460360786d,WhitelistUser1725,0
0x40af230c6dC56F72D95b2277bee5c569213f9f50,0x36a70d56819d7dc1d2061b53bca3886ffd7150260d18e58e6abecdced5bb9efa,WhitelistUser1726,0
0xCAD141D209D91fE8e36cF73411732e3b0E2aDC78,0x235587d29883f339ddcf77e776c5dfb0f1b81aedda4ff36d4a9cf0e3b7cc08b9,WhitelistUser1727,0
0x7deef5115E1Efd0239d9D7788c9Ce4Cc31590390,0x1ce4e8a253c5da5640aae5aba4e6ad24600365931e8c3cbf592559242670e1ad,WhitelistUser1728,0
0x00D7BCE54f35fF5665107C63D613092FCd073D1f,0xa60020ecc4aca617f961bee7bef6d4072e26dd9a230854954c7ee458975307fc,WhitelistUser1729,0
0xcF64Ea8A0edC85845e84ec74f0999CF5812ca89a,0xbc710d7b64a9549736fbe03651b175889d163185d87511f2836a8e73c53ec8b1,WhitelistUser1730,0
0xCb54720815c52186b64495514919965B2bF51202,0xf7a43e7d37afd232611113e7237161d9c86bbf743985057f9912870fdaada173,WhitelistUser1731,0
0x37c9025Cfc481B6458d84241683AF7715efC56a0,0x110007c80213248e17dd5751fc8e238acb12150ad7d5b4150c9d3f06621b5fec,WhitelistUser1732,0
0xAEBF1b1ff91b3De0203E4b32af79547e65FDa499,0xb82507ebc27b1fd44e508c9299f05517b8f4dec35da91d329c65051ce2aac119,WhitelistUser1733,0
0x5025D1A836264b6BbB3A436b72251A7761c3EC98,0xe410564d0cce639c2ed994ec36ed26baf39b4d6118e6f8327ab67af9e286686f,WhitelistUser1734,0
0xd56614D6cB1B404aba4D8AF1CF5455d15A257324,0xc4d67ee42da50d68c76f35c02c262c256d4e85b3b8c3e7d9466d5bda20ce4125,WhitelistUser1735,0
0x1F064243862dFbdbCd8baABbAfcB305AA706fA69,0x8ed076014ade4fd86b569eb8b452ac2463871999d9f96aa0b54f854b9a77ce09,WhitelistUser1736,0
0xCf91405187b3333B015ecF16b1558a865B892C48,0x86a8d4404baf218c4bd6b473b96931dc7934b1cbb2e172df82e5d6867cd2ad21,WhitelistUser1737,0
0x3145ef61ECd004B217426df1D732a8bD3dEEADD2,0x91bb704b1bd6c5b928b9eac5519aac9b1f5dab7dee152c82cfbb0dcc5de3eadc,WhitelistUser1738,0
0x3389edd64Eab30d1f5559d5aD7fB156AFD7a67df,0xe460ff228f1a0638a952acd6b7cc54b6d89a2d1c5ee944d418ac83733039243b,WhitelistUser1739,0
0xde83cbBC4463528baEdca85C43Cb8b54784CE490,0x28aa161bb46a9668e54c69b9389e319b65ed532d1ec35cb3d1097a7bf9bf7865,WhitelistUser1740,0
0x71298Ab84601ce60E476384DB0a0E7feA3648503,0xb542585f7c54a75edc3d0254ae1123ac08916a60e3433f748bb6123f445d5b52,WhitelistUser1741,0
0x7bC77da2b3Fe30bC1d2881e9a712d239c81e3155,0xf6fbd9b99200e83ee58811a28ee57328f79d6fef73e5f332c060a4eef178ac62,WhitelistUser1742,0
0xf8ed9B043a74d65b923B97c0F50c7b738Fc311ff,0x4bf312ee6153b2b93d3ae2be9bb89a06540b930b3c076b65b57be030c97d9274,WhitelistUser1743,0
0x3952A84f9b72aEA44D392ddF942128a6033690b4,0xdfe2af6ca43e5220c7842a091e8a1c741b0c763f7c9b65f0b6a79d9ce33351bd,WhitelistUser1744,0
0xc61155848f1505CB1671354dC2f1559B81afd33d,0x027ff5e970eb629dba6dc0d2dc3e81fe6ab59028d3b9c5e300881086f611e9e5,WhitelistUser1745,0
0x104C868115c1De8C43c66de3D722EA72e23298DC,0x39710371cbd61b85020a8c902edc67bdd2fab668e24bda00112be96965ffe3f9,WhitelistUser1746,0
0x020677F3aD3AaE1Ef63b4c3f62bA664168C08262,0xd3b253e67688e95329a5d49fa994a21fbea9ab9985f2cfb1759745c7b4f821b3,WhitelistUser1747,0
0x9379ebfeaB5044cB8b84db6e0a9cE2A91F9319B0,0xd85939a06ffc90db78044d6315a4487c38a5ab9560d34e170137bbafb2e077de,WhitelistUser1748,0
0x2db2463D82E0feC9B41717A29b5867d6bc3CED19,0x24a10be32b2588a1de0655101e19c7e1867a6f1d9e4d2be9a01679a664aa9a1d,WhitelistUser1749,0
0x8195172D11BB9641DA69072aa8461c425ef75524,0xf7eb7e16e358fda6822539f9b46735c359c233a7b88c3b07b9609fd13dd738e8,WhitelistUser1750,0
0x3cB3f604B95Ee5d38f61EBAc3a7a29a0545B7860,0x6ecb98f6e513da52b9d16f94f9e52598aa40b2b172725beb9a2d3e44f49d4a90,WhitelistUser1751,0
0xFa06358334bc22e4EB6673a20db984d39DB8b286,0x6e808bb3ea82875ef9fdf7f7ca086bd5c3744673b10d65cc1255e2817ac738fe,WhitelistUser1752,0
0x387f9CB5019cb4890835808d0aE4a042Eb14f591,0xff3a33d713e4690311af179855d1994eeb11d830f1defc6718c241fb03566f07,WhitelistUser1753,0
0x1385B65B4B31F2523bc5502A4fad2a1452dBef4d,0xd888e86b45f98cf3b1c363be118d2e4dab644200ab4dc74b7baf27dd7248ad24,WhitelistUser1754,0
0x448C47fA1b511aaB6B6322dbCDDB7562126d4434,0xdc85bec1d4f80c976d8af6b11921c28b05a2b9733af841ea88460a47c134db2f,WhitelistUser1755,0
0xb3227dAA30a7349de863BF4373048Bc414D381De,0x49994e8c5b5c2b93f74e2fe8790dbf767b6ba7cbc08a001482848f486e012c9a,WhitelistUser1756,0
0x01f4F1D146aF6E4bBCb8CaB1f53fF706022f0442,0x52cba26f075d8a01e42d20c60c69df9619f21dec4f82924f46ae476bc8674991,WhitelistUser1757,0
0x42B0Ae881E2bE36B542F260084F80BDAc7F7A081,0xec2cf7722fb0124ead9ec820f3f79e177f8a81e029d8b075d8a8cd78467a1eb8,WhitelistUser1758,0
0x506F6f10Ea15c97bc1BAD7e094039c08F3185Ee4,0xfc92336e14a9d01350814fd9df9e81a851a84a9f1cfadb175e1c7b2b3d0fafb2,WhitelistUser1759,0
0x5eF9A3CcaBC153380c1c01753FF229C5cD6933fc,0x2b12ee0ad7334b3774dedcc0e092b36676811bfd04296e39400659f0ebadccfc,WhitelistUser1760,0
0x62D197D06044a4d2aeaF3E1E8C41B4E4DeeDc0F7,0xcc448fa290bea061122353536f9677417925a5e0e3600e4230cfbefe659f650a,WhitelistUser1761,0
0x7B8C8EFb91e396b503C5C7D03Bb282678879c8a0,0xaddd2b85c99426d3aaa0335d2acad8a3ea794db49ccd0f60a4fe0a29946bbe7b,WhitelistUser1762,0
0x0F61071D9c690cd2ED5b8BdE54b8E573aA08f92C,0xd1f81ab147ed9dcf70349e068bd893e813e93e3c7b7b3ed99c64f92a709c6080,WhitelistUser1763,0
0xbA298EbBd2A2df816967bD9DAfd5dC605F17e368,0xcccf4066f963e797291ca2b5cec21d8565be618110b5736530349c70e94e4256,WhitelistUser1764,0
0xa0b98b9512925101D32A27b635d1BD1E0D740962,0x0836f87f8216799093097e0bdcb84260cb45bfeaa85802728930edf5758989c9,WhitelistUser1765,0
0xd9b8C8de5AA40AC4A9Db310EbE43763D83B527eb,0xe8cfa1a440a9b8f5d802329e95ac92deda33e834b711ff8e6644d84df93da998,WhitelistUser1766,0
0xd4EbE819153A9BFF2CE351F4ad129a99fd888d0d,0x3cdb04a2edcb7935a1eea99f11b5469385cf84d64f7d9fdbf7d5f2d7ac4613d1,WhitelistUser1767,0
0x043F761bD8F0825d9F9a91a53aD064C7E95C8843,0x5c9a41784b46e2b2318cc35baeb2368086124a45414c4ee5107602cdcdb234c6,WhitelistUser1768,0
0xa1f874Ec1e39788F1d745F870e201c187182cc79,0xb6c4cd1ab0113d34482ce0986461d7b97c123683f03fe9a717a055c808d1772c,WhitelistUser1769,0
0xfFd169EaD8E91148eFB008caE9804A1fAa8d5190,0x0a370e4d96e9815913baf065f53af935e5661345863a38c843e3988dbe9a2fff,WhitelistUser1770,0
0x51FFcd443CF17CEF564fA637433C83e199CCFc32,0xa56562a4ae514fd04d7db1a552e54502ee0e3ff27d90db4454f9371d48ec1aa1,WhitelistUser1771,0
0x02b9E64c3770Ec0A7bf2943D39716Dd9727a3d72,0xe203508e04ccf176b621e026be99202ce8be434bc807a19c54317096779e0a91,WhitelistUser1772,0
0x9CfA52B37A0480051c0C0703Bbfb29c53EF6A961,0x78f0cbc39e503921ce898db18de019f9acd730365fb60f343d6daec75052fd96,WhitelistUser1773,0
0xbBa413e55a7f1cCCC548A47Bee27AAfC7f7B3c0c,0xc8efa4220efb18cb639e458f603f0422f691ced55057952644643be7377c1fe0,WhitelistUser1774,0
0x68D0D0b108E7E95837C99FD10389cCb669758bA0,0xc9c2eff1e0be48d469d5e0fc3f2487d82d9a9e4ffef7c0167497b3a33e85a2b9,WhitelistUser1775,0
0xC0BA3C65D26c27192CC571e80Bc46D068DE335Fe,0x8722bef40865e4d8dee3d283b9cfd7687eb7377b69a7b025e909f57f8abe3694,WhitelistUser1776,0
0xA1798D4a209a5569ba8c62144Be83E2E5ecFA0bC,0xaf5ee97c5672f3c4af7fbcd0448f76c1c3dae6e2748ab5342f03501db54d0853,WhitelistUser1777,0
0xB7Da905e603307925C98126123C0f3ae620323bA,0xca374853f907c61c1c6e1fa1f5b7313952b7b6737a2c06824634ab1cbd934eb7,WhitelistUser1778,0
0x021741C318874776E98Eb3A8664e97Dcf7BfCdF5,0x861bfc20dd881b23cdf548f9227ed9c54572831bf267451d6f7bb1001266478f,WhitelistUser1779,0
0x579e734053A6B71fDd4723DB79C373f4931a1B46,0x56b856a0b689f00e899535a7eebdd2937f0eb62c49a5ddc418c66b305a8ea70f,WhitelistUser1780,0
0xAFc476e532bC8f46d64cBE5398A9fDDbC6fbAd0A,0x378c1f7bb2e5debbefea286a65f2b5a0b14065f774b52a779612c621e38352dd,WhitelistUser1781,0
0x730D39a77F9Bf993a4b858800CDC63B53D2148d8,0xc142988e2a2bd4cabf41cdef2d63c28d32e11c8b4b5371091f6cf426645426d5,WhitelistUser1782,0
0x582f1a97CE1B8A69E734F289f2d54f2BaD9314FF,0xd457107e2faa6ce3c8b45f0f6df05dd3689f73c9633ba9e538ae6b23e0c9a9c5,WhitelistUser1783,0
0x2C47A6e0A1684e334938EB18A36b4eAb2c063c25,0x509d0b8c3281235f09c3aae04d114141e28e74c09a4efebdc28454f749ab1407,WhitelistUser1784,0
0x7b8A378745491CC1f609e59aa0FebBB0924F919A,0x488b7640d94eea8bed2b9d66c6446f55d617de0159979df310ec31682be8f67e,WhitelistUser1785,0
0x0246539951b89E7537ce178dDba702285F8c3583,0x076c65f3f52e25e2b7e3ae6282a30528303babba02fb04687be8a4b00fd9c9ba,WhitelistUser1786,0
0xd1d607bDF7E9377146c7CD4e1E574CDE0a0171Ed,0xb99382522946ed6b33053f37295e3a80eccfec2759e63e24cbd75b51e7d8ca46,WhitelistUser1787,0
0x187c74Eb94b62B6362cf2e1C833C57e8E9f75512,0x0852c78ca8fed93c66de2b3435001509c6b6bc55d45cba30dbb0c3174b3695b9,WhitelistUser1788,0
0xfD755922e78Fa2eD37a03DF4A5c0fFCBB4Ee50F2,0x41536a7095f51aa75da18bc1259b6c4a006004c1f869e632444fde0c61452a21,WhitelistUser1789,0
0xe4492a5Cc181d27620c2d2922924b9D6Ed4Bcb16,0xfe9c7ffd06c8745956c4ceefab093f57dca6edeed8ee6981c8ef7bf2054bb850,WhitelistUser1790,0
0xb9B6f2497118b40292d2C223b97FFc76BcF8D962,0x9a5ed95c5cb38220b0843f4f0f2bf034ea18ca33733e42a8b49c1ee4b7a8ac31,WhitelistUser1791,0
0xEFCaB26b810bae7ACB80517C0933Bead4c9821e0,0x279cfe5b5983f2370198bb374cd0dd59e69b5b1a00ea48e59677766c7db846a9,WhitelistUser1792,0
0xa61E955dB92D030f97a81DB75F6605Af3b483f8c,0x2e71690b0864e253b399ab09c18a337f1c45e24a6dcf8e0e0bc0537147f11d40,WhitelistUser1793,0
0x49E1D7F8E775C937774fE27f08374b02524fdDcf,0xb92aa312f6d1aca583a798d820e2f55bf875e335e498df1843ca2d6ba0812d3a,WhitelistUser1794,0
0x1bb1907e07D07f0003956da509DEf514E481Af7F,0x765ab48a7bf0032b46a768e7dec23bd68e04ba9d752a59a9cc33c8cdc5d81ef1,WhitelistUser1795,0
0xd585BbC989D0c5632dd4FBf6611c7D16057162c1,0xe368f9e9b6565ed437cbd81be4bfa95451a3703f4048b5368793a641e521e59f,WhitelistUser1796,0
0x23115d01d98440AD02f2F2C5A1F755e5681d1e83,0x73148b410a9046e7a78d0a57f50ab00479121945270fb58e5511fa46cbd8e95c,WhitelistUser1797,0
0x2A15ecADDE8e2f7EfBf673B03FA75ff85c1FF35c,0x55fae7fa5d55da28d06c50ef7718651fb98cc13c5609afb57ca4a075bacd6da4,WhitelistUser1798,0
0xA7F6F426b3aF0D7daeec9b2e97478FA980279AE3,0x35609cbfced60ac624e131b8b261a8829593bae0c818c78420f60dd4646c232c,WhitelistUser1799,0
0x3dfBe8c5E8F009F879dD8a9BcdFC3AC02977Ae54,0xec9cb68d3da1cfaa124f8867dd397fc6b6bcdd6771eb3f82cdc3c6341717b3c3,WhitelistUser1800,0
0xB31BAEaE2Ce2b7c9fe1051A2D10C4abB5c856fb4,0x9097d55c65cd6b45f3f4fb4ee901d8fbe19bf46005df044985d66cd39afef689,WhitelistUser1801,0
0x0b07e6BBceAA91DF7Ba3bFCe9A83d3301cde6588,0x097c015df794bb4b45ccc7a34f238543a80571ea27141c4c5dc129a9866e49ec,WhitelistUser1802,0
0x375977014DC4DCC0EE18DDFc8Fb8290EF6580E56,0x2ea0b7b461e3323bf56e128135ef75ea7373da06e71931c0d4aee2ee7b5dc0d4,WhitelistUser1803,0
0x36416Ebfb7a50bB0A792992487403498c5b6bbCf,0x3db42b796995ccdfa6d2211148d9bfaf7374829d2e27106d6d1c5e16cbb796f0,WhitelistUser1804,0
0x3304f67F8a4a0b168d8E49F962deCf5765D4AB2D,0xa434019d32320bfd9b2d20bd05d002a1f8e800bdbe8b0e8794432cf8fccc4240,WhitelistUser1805,0
0x5363a5e5CF0dc843853C6332d91Ed457d113EfB2,0x2da147d35165cf0909112af5a892e227ff0ffa806a2db23220743a1cbac37907,WhitelistUser1806,0
0xa3809884B017FcC43a70Fc9E4A263c2C1D79303b,0x62c846dd820c25ffa1c24d7ce0c8aec19338797d68a5bcd3301a816bfe230a88,WhitelistUser1807,0
0xdCe37D5aa87078e94eBAf88943483582AB58BAe0,0x42c520b64d5e0f19c0073d85f2085a3c5e2038120bbb6e7680f7da1376cf470c,WhitelistUser1808,0
0x35642D35A2B663BF867Bb6F523C24FB1fa607a40,0x143f137f936a35138ca7b2281162f27a42d5841a995357972b0ca69cb7874a86,WhitelistUser1809,0
0xC6141985FE50527FF1AC569E4a4B7A1ca65Bc760,0x4e68fb69323e9c3792c369b1261b13a0b30d268ab01779eafa056306c30373e6,WhitelistUser1810,0
0xB0cC36B8428142Cd485bF641ca6A968766B50642,0x01e4bf61f29eb8042b369fee47b0a8bc960c051cc5b1f3ff2ec948488d59b9ce,WhitelistUser1811,0
0xF0009b4A305EF99d2c611F1E6Cfbd4c6eEC010a9,0xbf2ebb192027d63a8dff727675baf290a459608f35d9cf5b89fa449e52a7e4c2,WhitelistUser1812,0
0x0DF0ef97F09020f0fa4ccb8350B41B46c322E448,0x61dab43a73bfaef048b6ed2d89aefcbddf4b2d1effa40bec9d2219b729bc5d05,WhitelistUser1813,0
0xf339041A2eCeedB76FBfA9B7F752F2E7C1A43E32,0x48bfbdf51139ceb331854cb2b722a9bb66832cf652bcdcc9fcb6caf7e39d623d,WhitelistUser1814,0
0x24Dc48caaC53D9Bd906Ff6fde56e9c6ad182c38B,0x5eb4e87aa4233179f8b88074208ac65e9b0fa0ab266f8f54e02e3c2df2f1e88d,WhitelistUser1815,0
0xA31D0A077145d49C9255E5d2b6dD9D53Cf099F80,0x3ae9f13e5fd87057b938ae2a2e53557c42a05d0a1a75390d69d43badcc5de786,WhitelistUser1816,0
0xFc1Fa939Ee6214342f97ecE73eA19C9Bd4Bf9779,0xadc0a1b61bc55c6e885e8da2417c65b245c7a2168696d98a4e590025fd0c7c8d,WhitelistUser1817,0
0xA2b853e8124793967837D5107CA498AB3d75b0A2,0xb4a6a934f3a2d1717d7bbf2f2953e0cc66cbb328e108c1c7468d4be35a5df10c,WhitelistUser1818,0
0xB1d14A256a1Bbca37aA044e281AC59b9875BaF10,0x0ca67521789826e9aeca9157dbedc8de874ccd703bdf2827620da2485535ef6c,WhitelistUser1819,0
0xcFffE550957754BdE96F6dF069cd76Ba6e798Bee,0x98709d556b7fa7977f7c8651360b75727c2d39641fab72a6a7526885b5a5dbbe,WhitelistUser1820,0
0x37996e16961CceB04474c74354FE0e93375767E5,0x6cdc197833ef7dff8bc7416326d6bf0525ae5a3164e36f85f024cf7d65740842,WhitelistUser1821,0
0x352CfbE387145aC5707337E2C11bd7FFbA9FC4cB,0x49f56a003b191b222475a982df2cd39d631627cb9163c8c04c7b69f39f0634c9,WhitelistUser1822,0
0x50834405f004089679e721486CB0619BDAFB641A,0xea7a7cccd9f14983dfac57b618a8b4ebde7450c1900afb51ee09b04c0f9f1a84,WhitelistUser1823,0
0xEc06FB674e533F019461966df24a2d8846e0Ee9E,0x078d0cbe7ac5c806d103fac487f1b93713d5fd12ef303db6d10ddeebecc0ee5a,WhitelistUser1824,0
0x2005825A8687fa70a1D404D168e874c76492c3c4,0x551bcace2bca3f53b688ac9aa54055f54e0bcb7fbdf08d242e751144e34a89ae,WhitelistUser1825,0
0x3208D0Ad30dad015878d3E217900DC2BaD1B5655,0x95a6a74c301eba20cfa4e100e59e05e532b1660f7852c8bf9f329f4479708c83,WhitelistUser1826,0
0xfa765C73A939BE29364e38547a11708f6CDcBfd7,0x8aadf6a5e88cccb83b1ffc0b2b5646897ee4fa10f6d1e9e76b3f150c2e86c44e,WhitelistUser1827,0
0x9736C70faA15ED464f7842c839c95Bf039bb02C9,0x5800186715611293d1bc4f8b0e89c8e8ff381e06fb3b09b18b5633f13686f1da,WhitelistUser1828,0
0x8B1c800E98B92244d329D979711a0c49fcb36071,0x9f89c4328ef28d0682335441b64e5c6ec6d69d11129ee3594ba566d51685ee75,WhitelistUser1829,0
0x950E37dF010eD6697928Db9d143AbEd1d3EE3698,0xa273f365d9046fa41227185636948bbd5bcd2aa4ffff6a85181106f78620e380,WhitelistUser1830,0
0x983f443Bc4058d05a8b28B4CB3f80770302ee64D,0xf924531f3bcf2c6617fcf0bce8d635eab3ea8d65acc451c8005b26c731c2db4e,WhitelistUser1831,0
0x0E90ad8E17E80119097125B9c544683FdaD1b6A1,0xd0f2eecc7a414cf8b486c88ec7af8ad1290c1d4fd7dade0621cfb7ee712b3c2a,WhitelistUser1832,0
0x1ed23f803f5CbC3e4A4377cd5248217EE172AA75,0x8ad2fe5469d87c7ddd0d24a6e40f47e3545c7141ae7f71bae4968192d309947e,WhitelistUser1833,0
0xD19934EEb82e363cAF4A917FbAC3940258fe924F,0xa05c3522b8222b66335261f6ecf0db8a1bd95e7599f7c29b2f06504fe2b8502c,WhitelistUser1834,0
0x4F53A40ca3f32Aaad22d5568c9203425F1373FE2,0xaa312dcea6c117855bca269bb86775279f63414b53b87ff3a9c5852a88cf9fec,WhitelistUser1835,0
0x2A3F6d1Ae3F176d2E957fd18dc457FF363d66DdB,0x97a35b6735cf85404318b2515e1fdcd78d6cb0ddc25f0c56f96c794eda8301e3,WhitelistUser1836,0
0x439A588982a87C81D10436155cb653cb9673F3D5,0xd657e5b41e0e9713851f6b83e7c9087da9e6723cb139f71a873ffbde0ce19d90,WhitelistUser1837,0
0x0A83EcdaD0cA920D7C27c4fcf36CA04472e4BEd3,0xe277bd437c11ea740aba78413fd4be18e24c81cf694bee01a1d6877492ae940b,WhitelistUser1838,0
0xeCeeA7389A01554a80E29A8Eccb6af2d1c888578,0x171a8e35136344aebafbba70d78b8f231c557138538118d7b51763ab23356b00,WhitelistUser1839,0
0x30805AAdE5E945C96cf8891084B87cD50C823DfC,0x07adf8191a2a01c6f03d995e5281181126c8c7e0c2dfdade4c5aff0dddd268cc,WhitelistUser1840,0
0x75aA716EAb5E628cc07B637D0bd7439eb2b937Cf,0x630a68259119ae7a46ebd8af1d57eb32f6a3c49c023de6b39271d0b54ab140cc,WhitelistUser1841,0
0x064c8dC1116fc7a957b19f6d816793A8FfFf7A3e,0x155e37dc54ef9fe0647b1033461784205df4ac58b711acecd6873305262439d4,WhitelistUser1842,0
0xE144C25729d2b236cCF62bB33B804FF838069330,0xbeacb1a07177c24a746cbdc6fcb1cb19392d6fe59fa4c4f4e998b0ea593c689b,WhitelistUser1843,0
0x7a50451019dC91bd9372a8A054C4eAeCB67D561c,0x9915e134ef4f852722408415fc1c52c6456c2f0bc323dce0ecffebfa6baa9e2b,WhitelistUser1844,0
0x5229D5Fb898d04eA81C024E5f0bd95B366c78351,0x7a0759d6a622e6699a1e190ac858818d565cf07bdf43887c24b231e76a52883e,WhitelistUser1845,0
0xa2C2750Fd8E22Cc674329A991c81eeA24114Ade2,0x664188589efffb9213692bcc0fb35e2f839c05dee6656edd0f60626fcad46637,WhitelistUser1846,0
0x7B5fC4fF9Afc2729B307DEe1E743B952ec1fA1B8,0x579366a61bcdc4997529bc97d429a559ecbd7c4bc65a6bb909303b56540d8ff8,WhitelistUser1847,0
0xc28eC482ff88F670bB4baf6C53BDFE211508D0bD,0xd2db3b854f499e878510181d4f1ce265fe0b1bef7aaba9c2a89fe00ca33f975a,WhitelistUser1848,0
0xEe9eeDa07B959e1Ec473eE5031A9005006848A8e,0x4557a25bf73b3b79f016461c0d69f9ba88311c37fd595fc0de668329a25c1a79,WhitelistUser1849,0
0x761699F44eEf805A02c63d38381168EA30e454E7,0x099b24ebad663bb7173df9748eb2be90c140f09d49a714565f85d0a80a935266,WhitelistUser1850,0
0x82C88d079CD42d6e0e1575Ea1d6eAC82E284c03b,0x9e2b393c37c568fdd2333417ee4c9c6e53ab4ff5422303da974e91e3d4c09e4a,WhitelistUser1851,0
0x700D7F068A9DCbd784BFa2C1EBD797F9b04B07B6,0xe8fda6e3315eb3c91c1e4cbb74fb1caf379a197a0fadf5e86233e15f5bc5d4c4,WhitelistUser1852,0
0x4101b12df79C734A959B6257349b6815B6dc3255,0x8404f06912e5333142e9bfb68ae7308e441e064a8ec24ac2b09ddb4fe6be3dc8,WhitelistUser1853,0
0xf2BDA90E694E86d93a1532446664B3226594301b,0x560037752dd11f2f3b67bb930cbc2350ccdbed4ccff2a4a60fa8f93903f8c8fa,WhitelistUser1854,0
0x774e9aE2Bf34C97ae15D7A3aFEBF1C21Fb676D2d,0x48471a2aa18c3c1711b62c3eb1e7b5f25849c4301a59d5461da1590f40f4ef35,WhitelistUser1855,0
0x745402b0eB5B2e78dde56bb6713F780711D3f5F3,0x9db373dd23314587809f254c7562fe137fbbe492857666df46abe6e931774c03,WhitelistUser1856,0
0x71F87855c89e4f61239e455f7bC345d4f6Ab2332,0xebba726556fbd01a28a0a3549ee253fb908efa4f28c88ebbdbade380cd2640a0,WhitelistUser1857,0
0x65167d2dAd90e040304A3F8C4D1624c618F2d1CA,0x63992584289d9069f37486fd4dd819d3f7fbf674b7a7937250861df92ef05734,WhitelistUser1858,0
0x75358F7A30777AE64e803072ec3b2499323772dD,0x786e23ac598f707c33f4230664e8d7b87bfb5c7bb4993c9fbfecb5d808278c01,WhitelistUser1859,0
0x9FBb80B2452bA280eF10453EF1F4B2272B700e47,0x146ae8cd796d2ec4655ffc44c4fe16022adae09e2ea094178a337381eac20a47,WhitelistUser1860,0
0x00C787aBDC35DF81AaBDe8C16F0D3d2025dEBb89,0x0919420b563b2bba013e7d299198f3a7add5af78fab69d44315e9699acc6dea2,WhitelistUser1861,0
0xa774757BacEb238D4e43A33f5966676F9715009a,0xe76c3dd62f56127979494fbe8e58014d8bd07fbe665cefa8f0338bef8aaba6cd,WhitelistUser1862,0
0xEA6C035bd636Fb872a5254569c4961873F9eF0f1,0x7db432dd303185d9a1d15ea17d7e4e8b6aeeba57173b13c566d62fbc8a3075e6,WhitelistUser1863,0
0x772b07a099bfCb61d6bCcD0E521ceF1e8450089D,0x327508219f7c7288567cb5ac63a60d3ca66c414b4f369e6bcda3b2b4358e1db3,WhitelistUser1864,0
0xFF874894c7A0971Dc7229afb2Ef2F6cEA76D69F7,0x7c3a980e8faa682b81ca0f05c5a87b24c89ae0a616582ffb7e221eacf5c758d3,WhitelistUser1865,0
0xE88f31Cc553adDE2e5252F2a9Cf16A2E882a2a02,0xd2e1e5d78ceb2dc7c98a91cca1213ce2b177ea1fef0860f7b4559cb36a37eec6,WhitelistUser1866,0
0x08523be1DE21F011a5Da386b459EcefE6DAD6698,0x6009de1596fd2f430b25b6ac6d12cbc868030bf72b9313e64ad94a75ac020673,WhitelistUser1867,0
0x1E29310b9a665935b8CA7Dd2ae165479717E592C,0xb27daa47e6ccc4218ef7e9bf58927c90ad476b8a997d8da984f1bcd4896e9f54,WhitelistUser1868,0
0x4a242F9C102C6EB15743fb571d426936D9296CE0,0xf4e22fe30461e50352552b692d2a467e0d487f0eea42acfb623ca09f5a5ea13e,WhitelistUser1869,0
0xcDCb6A4770BC9B22c4b52dfAB6d76105a9a570aa,0x6860fd3a2ea3dcdfe3429421e60927472a46d42f98e28e0038577bdf027645c6,WhitelistUser1870,0
0x044bd14BB28bAf38c9C514045722c12CAA2B6Bb5,0x27474937f7ac3f6e08bc07212c0cda8e68f120c2e3f9051437f074acf04c8544,WhitelistUser1871,0
0xB8e95563E84F22914CfbE31DF9191B214Bc370dD,0x96baa6e2ef19dbe25d763f8bf0334075f1970fff44c5d31ee70047e571211502,WhitelistUser1872,0
0x31C160e7265B6cdCbfaaEF565E20069fd40abb58,0x6cd5a3e1e80027ad5fd43c6069bf4e4703b68cded24dd0d23c5b4d9b640ea2f1,WhitelistUser1873,0
0xF0BAFE0F0EA56b37f5de685A6A1D19f9b6590216,0xd128112fe763eed7feb21e1a0c90c8051fddb14efde7a2eba28e941171131817,WhitelistUser1874,0
0x9283906CCD3BB5aF091Bf7B777a8F2f0C05e04C5,0x1289a36b1f27b003616bcbe29dddd13b6f6637ff8076af2bc1a0899078d25dcc,WhitelistUser1875,0
0xAB0b3c12025eDc64beB0a6956f0e6385EE4690ae,0x10d5f6ed43b689ea83df18701044958fdf86e2e23555897710b6f6975096aec4,WhitelistUser1876,0
0x5fa4E6BE9e0AC3634749215b5Cb14c5C43461CC7,0x600b8132ab4587ae6b012d19d2c7ad1da7932073817afa4b6958d6acfa8d8d53,WhitelistUser1877,0
0xD4A299240666Ed81DD694026f1732f8E74E1408f,0x7a70b085f17744a616fbe64287f8e951579faeaea0d93f4a436be4322391fcfe,WhitelistUser1878,0
0xdD5BAF9b039e01eA74142b179754F2946B50F617,0x6ec26534b22997e9fc2d6c371f30c867fe2f73179b97090810c79db168a70c06,WhitelistUser1879,0
0x5013a9120F4d7697c58C3976691079512baeEA79,0xf7e7c87ae337f72a7812e958726651b151c926c68d7ea31be2d863000bfd23e1,WhitelistUser1880,0
0xb32FCd919409fA30ebCfD0Dc70fE466EB5EB0214,0xd35a4b52789802fe439b72b6bfd3d297e54ffac238a6eb3fa904dd65db22dc69,WhitelistUser1881,0
0x553CeDb17D585a98B3aB2F47388BB685c9730487,0xdf6e1d98f657f3c860e9eaf9d1dcc85820b8af2d1979c2e3727e31b501e4139f,WhitelistUser1882,0
0xF0596d494069193a42ff9C3B04A89Ec1c792D9e8,0x40c13dc79ac4cdf4de467e87dc6d7d56226429c1e9a7bfe98b8d4702f3b133fe,WhitelistUser1883,0
0xD5DA4A0766c6c8640b7f2c794B445Eec1f075eeB,0xbab874a2ae40eae04058af2b949f215b45c4b3056e4fb69ff01269225e568988,WhitelistUser1884,0
0xE0Bc33Ad13B5354eFDbc54a07F3b0404994b724C,0x99b28df87ae91565ca228d23af0dcb5041a42a965f0cab6ec4516d4dc1ccb676,WhitelistUser1885,0
0x055eb0cC30811e424A62eff8f2ED997773117313,0xe84b25b3317335f78139f62d8350aed762e29d8be191f8184aa47993cfd7ae2a,WhitelistUser1886,0
0xa7178504a5C768bB8426B4Aef69230f87F47439B,0x3617a8c64df5b5ba817730ca6a08ccaa285bb70204ef0fd9af08425b92277474,WhitelistUser1887,0
0xED854Bf6896d7b784e967F7e06566E84dE001F75,0x75f60f0ceb80efb743d0dcc7b23bb252bed5be3eea253b29b624be0fb6436aca,WhitelistUser1888,0
0xe6B5542f4C9351b9f3fD303EFA00AA6848a3Be75,0xa822a1f1707994f3c3e4dfe8f970c30092b6d5dd81f644d6c5e72e003d99843e,WhitelistUser1889,0
0x8902bF3CeC218DCCE61250e8840342402bb45D5f,0xc622d9c72254c0e0f19f161bad641e4efcce093622c073cee24636f4afd74de0,WhitelistUser1890,0
0x351b99Deda7b062EE05381e037bDB5F5BB2C8b59,0x18016b4b07426b3837f02647b8cba6dd004472c0c1905027bb01dcc11b5c9ab4,WhitelistUser1891,0
0x731A773c0EF9F63D674d0FeD1513d126b150DEBe,0xdc45e5ebf874790c7fd60d72942833c4a7039073b3ede1f5747e7e1c4b14ad3a,WhitelistUser1892,0
0x4341B17Ee268A766c1a91D9bE9fa14adE63bfC35,0x463f76674d1c066aa0a45c3a534d03c6426670a9d923edb5e8e172e881d40b29,WhitelistUser1893,0
0xAf6A37B15f817ab35D7ac1C7E593B5913AeCefa8,0x526608b4a9c8e6da4c962a6b3d1d679052ff624d1ac7d3e404f2392ed68ee70a,WhitelistUser1894,0
0xb7ef8CabacCEcEC0F8E2c8C55A7342748159a19B,0xae7d5f35f9734cfa4cedf783c7b4e7baf075c2ef45d8838f50d016e53a1bf35b,WhitelistUser1895,0
0xc337BE525d7e53a2ecfF4C8C3FF59047587507BB,0xa1cdb23f056fb2aca19cb6aacca8aa38610bb3e3334fa3aff68224a03b78ff9d,WhitelistUser1896,0
0x23f61Ac0F5444986831e42f419feCAC923Ad7c94,0xc9171582f14b0d3e3b828a728885f5fd62a32b66d4d381977d25e51f77ca0ffd,WhitelistUser1897,0
0x8D47cFEA86099c422d03986957B684e010Ac79FA,0xfa2dea565793d9b0b22bde9bec0e504834143a0572f0ba0c3f06625e0fa44821,WhitelistUser1898,0
0xbAd3ee39C3fc2223479b0bdFA9A2648f43Af8Ad7,0xb391c9c0384bc4caef7ec8523088e272c6169e7b3397adf2ce67ff58cbf70e23,WhitelistUser1899,0
0x850f7736D6E04cAFE9f6d4122Caf9dea66046533,0x7e26f2e8f587e5ed20c84c1d81df1d0e481df9941d71eeccdac0380172beec4c,WhitelistUser1900,0
0x9CD11AC12267affe874cD088E3D8785Ec645fbce,0x5030b88917261dc3d8c051c8f1a017c46135d91464594856d8bf80d44e54c313,WhitelistUser1901,0
0x3a6deD967f3241214CB49DF08481B8BF28a1D552,0xbc3df16d3f1b54398ccca3d8a3212acf2051b43eec08846d69f3168c1ace505f,WhitelistUser1902,0
0xAB1B1fA8606b3f249D72981FAE6D5eae463DAe83,0xae304b95d356b4f1e7a2c6f582632b330cbe04da167dda597515a13a3afafbbb,WhitelistUser1903,0
0xbCfd4Ad7EC997802e72Ba530cff1b2761fa73af2,0xa5c69ea835465f9c56c1cee62bb51d19f965dee9e5e32b07b4a00d2cacff70aa,WhitelistUser1904,0
0xF8C2b884EF1CEeab3dDfA9CFda7e9a49B8cD6ed1,0xe07e16b6209e5b2398f47236f822e63855677655bdeffe92981e939f9cf40977,WhitelistUser1905,0
0x7B3ee6299723DFd9ffc626441A15c00613F82A9e,0x6b9f79ecc80581d971bcff0d48ab45b6926707961704f6d11ecc31f068f4f6f9,WhitelistUser1906,0
0x79Aa498486ca00D1022c6f18CD10C1BB3c0cd656,0xf8831006fc5f22d5f95e0e8c3b7794fac08a38d6f65995bbaf0cafb0d456c91e,WhitelistUser1907,0
0x98C60C699b0323d0DE034fab9Da0589c23Aa4A31,0xf67c4ff76d15141255e32c9cdb4612956ad623ff5c9d3a45f97e9afebe8e47db,WhitelistUser1908,0
0xA5885d0FE88f9D48D5A8B555CD7b5281F002919E,0xe807819819200928e96ffc34edf9c4e2eef9abb4a73a596a9d1ba837446d9093,WhitelistUser1909,0
0xfD81D2F92C98dDBF1eDd93ddb055072B58EcB018,0x6df50fbb556c45f2b25eaf71153405bc7e105f3700026068d226f123846b1fb1,WhitelistUser1910,0
0x51F60d84Bb6eeD7504d63FfC7Ad3aC45454745C3,0x05aa07711058cd34ba6681323ab05433d4f3a1088d9168725ec2650e34ae88b5,WhitelistUser1911,0
0x9393Cb4B47029847A054796ebd08444F6D6D99d0,0x63c2d6a76e60e807fb65098537323e407c8f601432ca9640211ef00a0755291b,WhitelistUser1912,0
0xcf4553103092CFBdFCe05AEC80eD5B6D972fbaD7,0xd0900bc766d13b8f7d8fcae198248754b459a56686aa4b44e215df34d41928b6,WhitelistUser1913,0
0xfe5E298117f8BEbEcf2cd2B92945178b1583dC00,0x3ef9072efb380f031af9b44edcef8a8277eb61efa90834228fc1e20fd3ee8c66,WhitelistUser1914,0
0xB5860A4748Dd517D9cF237cdb1F74b547baE9B6a,0xd6c81ea38ef61a672755c21f9a55c940a1a7d1adf761b3d19c8de1f1f051a768,WhitelistUser1915,0
0xFdA5E29909660EF096d03e6E8Db959139Ef0DEBf,0x14d29474e9d4eead41d3138e658d3098540bcecaa3fb066d806ad8220e205808,WhitelistUser1916,0
0x107719270f71573ce62ED5Eef9CBb04624aBee74,0x662ae4ab88880ea468eb70aa31b4bee8bd17c52adadd2e915614a65a8c95f8f2,WhitelistUser1917,0
0x19ce45dccd4f0b3C67DE77941a3506e76caeEb5d,0xa091d8db90c82ef42240c474f4da5c6d64aaaaac2ecd032024a997a46bbe2c19,WhitelistUser1918,0
0xC89E2A029130D10010d3cDbC8e6Eb78C9daFF0F4,0x5ac2c47d2c8d4f6af2faebe95e2e9bde4f0a77940a8314ae643bb55fbcbc20cb,WhitelistUser1919,0
0x681CE60D5b1aa8380d25b7B943fe84912350807C,0xcbe924e3ea73638e72f17421277ab88456553bcdad634d1810b31dfc49744926,WhitelistUser1920,0
0x2196854821923Ce119b9D6e26AfaC342dC2B281e,0x4b87ce76ef8c0edbe756af4a6486bb0b880933bce883c768c400f9ed59d80ab8,WhitelistUser1921,0
0x4a59D7CA9C8E94a4FFd570B57124d74Bab35Ad6E,0x3ad219068d914c905cec7d0e8c85727ed10a4b2b406f8418d1b9621c891b1e67,WhitelistUser1922,0
0x876145F2e76E41Fe9F5313E31Ab820Cc6b579F27,0x6ecc9b0adf61d0827218a9bbcf48e1eebd96bc1f278de30068ca75cdd96b21ee,WhitelistUser1923,0
0xF1D4b2459429E80EBCEf5C0b4499A2fB0Bc2b950,0xea22d07f3665d46a1008acaabd38444f072c2c8a7e3b49b235b5e190c01449eb,WhitelistUser1924,0
0xCDa4e32800E3D100F369792bE9799d5ED47BdbbA,0xaebe9a14eaa741a86fc37a4562683ad4728ecd41fd261e5850e2b201aaa62e9c,WhitelistUser1925,0
0x5d09d1B13674D45E51Fc15933A47d063504d23a6,0x9942af193d83b9e45728669e03efc3245cbaa85c402f6fa51435230def6fac54,WhitelistUser1926,0
0x80dcC3fDcC2B281A61F17cFF8E2E2E3849EB38A9,0x9346e28f0e761ea0e17d1fda4dc8944301088db538d88741bb46a0c2537533e5,WhitelistUser1927,0
0xaAa9F9f6DdE302011C6B7798E45aeF51afDD6103,0xb350d6e5d5cb983df7b8be8ed56060c31cc8154be81fb44dcf476db53f4c28c3,WhitelistUser1928,0
0x95aBB8f913451476E84E6caB34Dc652daA072a29,0xa4c0db955241f61afda82167fe91e85544c4c4117eb01626848cbb1dd3b3a5e6,WhitelistUser1929,0
0xEa9620d0ba1bE9D5141889dDaaADdBF95D7BF5FC,0x02981f86c8c78e06916a1193bbc890c34b0282d08b11abdfc517bba8633c3307,WhitelistUser1930,0
0xb248A9D87000bE97C57cEE28Aa6794F94e5cF0B0,0x7c265768740a330d26ce1c185f9d1de088b033d59148ae77d184271aa1e18703,WhitelistUser1931,0
0x80930b63ff161b3F6425E2A5855B782B5425fBd9,0xa2ef4425732a5e227996f075a3d0db6828e42368de9c4d0f362cb5f70c863e70,WhitelistUser1932,0
0x6C6faD2f98F1eF0b45fa47d241ed52B295e307C9,0x80aed5a11e76348ea05167996c2fe4c65ac1dc3223d950ab82b5e1519113fd9a,WhitelistUser1933,0
0xB50707f6fE4cF0307c262dea3C8BaE34dAE1Cb5C,0xca8842a21166cf2780dfa38dba0497458b3b77c937eb3de96c8399bfc583bad5,WhitelistUser1934,0
0xaCfAc84A71C960a3Fc83F41AD88b5D0Be8eF6768,0x06c0f973bee09a78eec76e6b0de5dda28ddf8268d3f5e017bdfefa4858d9b315,WhitelistUser1935,0
0xBac5bC7D736785Dd0eE553A3896619A5E3c22553,0x5dc54884ed1d4b1aa1436a6075a84ecdc6f08933ced35d400ce8db94aa42e2ac,WhitelistUser1936,0
0xa59cDb27AABff77F457513974c0eC98233601923,0xe1f971bb69da2780ce2eae7709459b81a84731a33a90a52a54e5728d2400e20d,WhitelistUser1937,0
0x457328e248413F3ae3d3B0Ba0cc6C439Dc282C44,0x7a6d44774ba5dc2348dd1d4d4fa5fed571c5d38200bf485f88e147e6e18b9c03,WhitelistUser1938,0
0xd8F391e10223580611A70160d1D42bf55fCc882C,0x0fac3240585419c7b494a6ccc90f046f6694984d05e779cc1226ec307c4896be,WhitelistUser1939,0
0xA7fA8631AA20f33530Ef00BE13EC212F390B5E45,0x44cac0fedec91f905a1cd9390111a3e24ad3e6870c1c32c61f653ed2b679b1f8,WhitelistUser1940,0
0xd965B931A62D47e17b76CC641bD41f1dbf9f3Fab,0x69e5c298f967bfba281f4833f3c317fcfc3e02348acb3826ce2bb1b974e4b8f1,WhitelistUser1941,0
0xCdCB76C7f15024292A96f00ceD8C2FfeAC90D967,0xb1360cad9d3b7c84001d41b8dd86509357c108fb43c8176d0973707853178188,WhitelistUser1942,0
0x1773cF027F2671676BB2AC30328AA45c91CE61d6,0xea745f686ec278b7d421806350ad20f2e9229e8df5c37ef23e01e7e150954444,WhitelistUser1943,0
0xcB64b07C15372617527747d992eb73BE1DF9BBf6,0x40bf2629e63c91a8f42b14754a229a18a08df53b81296c6888996bfdb01465b7,WhitelistUser1944,0
0x12c5cE54D312DEe3A62D24b41fA0E46605bCA199,0x7380f0f2470e525b98deff07fa8891471e359d4f2871bc04201cd74cd9edeba0,WhitelistUser1945,0
0x1EBe4972D243B44C27dC7A41137E323A8F11845C,0x21e979087dec5c250a8da0f683a50ecec64f144d45267705041829c2fb8946fb,WhitelistUser1946,0
0xfcDb4D0A0bD3184357d417515F37EC14B517Bfe3,0xd9c5cf4b283ea51fdd038e939bdb53063ab72ee859bfa0e08ff48169161e503a,WhitelistUser1947,0
0xaF372c6d8bB7328768D744c0317FC2d0234393E9,0xe8e4864a67a32e5b7873f9b543537ef9797aeca4ddeac118037f9c2e5d02b7f4,WhitelistUser1948,0
0x404AE9ac2e6987f82774CfDa72F7aB4Bc7Ce6b79,0xc1618577e332b8dd506a791ea621241d913903533766988f6262813068011994,WhitelistUser1949,0
0xBa22653a2d83178dD4B0c2f9086b5F77Ab041bbc,0xc46f350179bb582c7b3af255dbd35df879550de0237d5ca7ec06adea47906002,WhitelistUser1950,0
0xdF37B38A7CcB4d18072310302717A64a4Fb410A6,0x582073eb0ffc07dd570eea85e2cd06773593dc1b4c8c5a8639f8334ad51139fe,WhitelistUser1951,0
0x05Fd13C1Cba0f1f0200b3380774f56dC66470a67,0x2ac6d22f00ac9eaf8aadeb124c2e87f96453ccaea70f522aff25ab6c228d44a1,WhitelistUser1952,0
0x28b9B7A5aDc164C47066665D29d7FF0d7300E2d7,0x8ee6bfa60734f267cfc2190c491a8279307e793681b7915aef7dee1c41b77b5a,WhitelistUser1953,0
0x2aE96E3972073dAA89976A64B04b78dcd114B579,0x9187fb9c0cc1b184b40382aac0540ba992fd65bb787c552e3622a37c0804605e,WhitelistUser1954,0
0x71d7F2d6C28b8c616f6074fce85594522e694aa4,0x945d29577c8038a936eab4c165b0087505894f7de19b1d3e8cda419736b44c7f,WhitelistUser1955,0
0x98fa65af9C7853E3E84eD3954124aC15cF179287,0x5aba254ee302f5c031ef1fe1f703c6c27e8f77f488385eaecf3c9fba9329ffe8,WhitelistUser1956,0
0xDDacD1689B61002f36A7eb1A5B765FECf3d8db9C,0x1c4a6b53e78132a6738eec964054635d4fcfc27e18032a8dddad6dc54bc418dc,WhitelistUser1957,0
0x88Fe35EcaC314eFd291fA033F7AEE9F619b311d7,0xa664948bc15b63fd9ff3d5c806cff9662f0af4463a6603f61ca421fcabe2d62b,WhitelistUser1958,0
0xB323cE5280aF9f5194876188beb27cA50A5836b6,0xa4bbb0e4c4470067297e49cc63f7ba4d6cc2fa749a036a9328611a146e2ba710,WhitelistUser1959,0
0xE5BD02A365F8a1D00D3f20edF8b2612b198f25ea,0xcb6135dc40d216ced0689f7d92b5c60773b540d6df24e46b23c9edd573924841,WhitelistUser1960,0
0x6C69506B8dA77952c77b9B6993E43693C48cEe5f,0x052d7c0cdf6ee06de7ca5faa7e67da565a62dd58c4c56378c27b13b3d7cc6787,WhitelistUser1961,0
0x5B189e43BF159FD8965de419DC37163d0Ce6Ea25,0xe134fd1a39198df3576576fb24a39b0bdd141ef12b52bf3d1d1164bfaf1c8997,WhitelistUser1962,0
0xA05d93adD0E3E6a372De7D7637C7e8D36c6ADfaE,0xb65870b9c0abb1a4a7e7993de42d79b37cedd1beda7de08b4fcb9d913772e941,WhitelistUser1963,0
0x58BE39276ab4f6fb40919e94b266C3Fb2373cE11,0x7c3ec35bfa592fb9aa27029bddec308fa3f29e672a04876ee9613b9e67847867,WhitelistUser1964,0
0xCD2f2F33dD1DDc6231b3C1cd2dB4FcA8d0962c8D,0x0ae2ed2203b26b912f5d51302fce2f0fba308092478b90d2110062b1677df0cd,WhitelistUser1965,0
0x6D72EA03B4a863464CB7095bBa718e540C781CA7,0xcd19cb624eee777208c9711eec1e89fe65f1060fda0ab9c6cc85a3e0eded7958,WhitelistUser1966,0
0x6ea97c4e5D7DD98Eb2725e436ed6F8303f758c4e,0xd755f51a2d822c9f3abf3ed6597f9d391895cf4a94adcf758abf98f57fc2e7ce,WhitelistUser1967,0
0x7978DaF9a14d693783eecc00697CAe543859Cc48,0xfd536383d7a89596e6c89ea8d12d49896cb4e313e0c39b12cdf95d13d7980a50,WhitelistUser1968,0
0x9c85f79a73aB0677982f0617C99EB6fb51E07f53,0xa172f8c1f664c936c44d5c34c5a77613981c988a3498fced4f99130779984831,WhitelistUser1969,0
0xba8D80fF75F764417BA9B4A43D8EE9fF44D014e9,0x35cb983d29cf1e3993f1726fa5368b728c7a1d88ee3ccb1828d68412c33f074c,WhitelistUser1970,0
0x751a45160ACF6151FB1a1789177e605CB6314eB3,0x1d0e60968d8793989ce1237466db7375afdc4e31fca91a2d735993273d3b1a51,WhitelistUser1971,0
0xcC8A936CCfECE46d5249379B33cD81747b7Fa195,0x9b0496c28e0dde438a2ac09d61d48d3a563eeec5b14c53fe2587d440d3fc4246,WhitelistUser1972,0
0xC4C38cc03bc4189F047f35dc041208ae7FdA93da,0x11bf4a3dbfe044e3390371fcab6fdecfebe3c90cabad389a3fd6f51855373c0f,WhitelistUser1973,0
0xf9e413996c5889Fa3518011d0A4ff5F3904D387E,0x7f0148208156b8b02915cf8391631b3d8b78ca81c950201f0f0a53f9089d77ff,WhitelistUser1974,0
0xeDab68aa67E9ac0BD423d255E7dafB9cfADaD3F7,0xe39a1c4c638a82eb4be4b5ea6053a73f76247721057e2aca53d05e018eb34053,WhitelistUser1975,0
0xE6108A0837a8c5e28D6F44A0068168fFb68030FF,0x5bb27f132ce20d2a2720c46fbd518780d00def56be910de8bcaa85df1f909638,WhitelistUser1976,0
0x05B3AA6059592972c5Bf54b9e3339AE4Df0d6b04,0x8cc60961feb3df79dc6df2febbd2cf83eccfa0044c413eaf15a645a29bfaeba2,WhitelistUser1977,0
0x8d05010BF712d7D843306cF8F3a0de0cfD4a2C08,0x95265465718ba7d320e47494c0a5bde7c76f941d9cbfca1a078702479d831c34,WhitelistUser1978,0
0xd566D0E332211D5d0d8e1BEFD21BD6BA0d829f3f,0xf2de8d34aad3766bcb9490d883c389c481e79cb204388a1989f6fef09124c839,WhitelistUser1979,0
0xEc9AE44Cb8b140006880231ad41828b74585D064,0x3d8d12febcaa3df2bf2093b379cbbaeccc5524064a995504a7a40c9583c183ac,WhitelistUser1980,0
0x96753c4d48fdCACbaD4cE5da9D890a55BE778a56,0x44349ab2d9339fe34ca4cf1f0274c3345fdeebbb289e35cd83c1ad165e8c9994,WhitelistUser1981,0
0xae86b70D0Ae5d0CaF0cc6c996133F1fCE2287940,0x806fa9db1c385e0db27b882e157b64a7c7330914af76b0a340c81f968e2b1b56,WhitelistUser1982,0
0xa6416bAe581c444f1Bb978fC1e5c656d138e6eeE,0x201a248ef34619862ab478f99ee86eee3afa4564851c95b1788a476f2f941b01,WhitelistUser1983,0
0x225086917f926dA70ee06a7C101CC180C4C8853D,0xbb21b8211fab7cbc3b720ba5346376e53052116a1f32f16e2c41579c407091f7,WhitelistUser1984,0
0xF5feaf15a63514CfEaCdB9a5fd91EF32d997bDa0,0xa7dd813e69b8f4e597459037162cbbbdc9414b5c46c9302f57a3e951cb8b01f9,WhitelistUser1985,0
0x80AC5F0b47BB8092e3dada0BEa178011950967e6,0x5a4c31d3928768b515e53b6dd7ab9d907e998aad06edacebf9711de4d640fc48,WhitelistUser1986,0
0x48Ea4647b26c53894E1A506a2eed37e8C6fF9A76,0x68aaa9f1092c011d23d5cf70298d93206866b0869d27a16f87b716344c60ac94,WhitelistUser1987,0
0x157891d11fa3908E908CE19d693282e0F201Fdbc,0x50a561e09766b66dff1884b39cbf80e8132857f241226eba7731eb899ceb47d3,WhitelistUser1988,0
0xA2C5Dfb2e6fAd04D1995Ba6Bf0c3158D7E6414ad,0x640caa912927782c55f77d17afc320ba2b733b0ade2490fee94ca2af1fc9f773,WhitelistUser1989,0
0xAa33904F7635813958a3d16C33384241bA954100,0x1f412b9137d26b6d909b7c187f0355d65e6a8143c372cc22fd193c694c38de77,WhitelistUser1990,0
0xa3e30C134574cfbdB542d5A700bC14b18059F4a3,0xde8daf355e7d51ffceddf8a0df04556957c4591382352260cebfd77dbd08069e,WhitelistUser1991,0
0x167f0D2A7F3E0388C09c22Bf6b33fe940Bc6E51A,0x24e791eee59c425575367db36721797afe6359dfab7fdb53f9f947a7e0c9b380,WhitelistUser1992,0
0x220694795606362d6058AB39b7849700F00bb643,0xb3e499ad44d47c147c26006d2c0e998c131c4a98e145d548018625af4a52f6ad,WhitelistUser1993,0
0x014B0a031941026b91691023C7f1548150F5A6Ad,0xa67ba53c2747c9cba0b749392da11010cff13fe02e9bb58e8b73ce2aed3bc9dc,WhitelistUser1994,0
0x089bd01466F37aF69A961A7d8484eddA673418D4,0x8bf019db7777469ac5a02d1e4869bdda84a8eda863df21dd4975c80ecefcb3c5,WhitelistUser1995,0
0x709F95970DB461fA674b278aEaB2181AfA07b6Db,0xce806f97de0954ea09b7e0584072b34e144d0bdd8b2bbc9e7eed1d27745b5360,WhitelistUser1996,0
0x1EE4F3B799714440bB2AA549048927E4472dC340,0x00f7de1b0dd9b44c8c563352b3a27da186a7feefd42d1265066467c948cebe80,WhitelistUser1997,0
0x3b2384B755ffA891ee71d61b51ea2812EbbA4fDB,0xffc426941e33e575a43994d77363685193464e64ac4c327a4c228d5ae81a7459,WhitelistUser1998,0
0x93De94B0D0d4E3eC09b12E6DdE8EB9dfeFDb5086,0x669d6e75a1aadc8f18d60b48843f71dab925a70c05b7b38d25f4e05dc7b100d1,WhitelistUser1999,0
0x074BDeD25223f12F2b8e4d6e7EBb049E33B36298,0x2082510ddd536c30d90951cb78be0430d33a638787b8acbd5fa9d51da5c8753c,WhitelistUser2000,0
